filename,width,height,class,xmin,ymin,xmax,ymax
ios_video_19_frame19_jpg.rf.9c371f6d1dc754033129b58678b5e796.jpg,640,640,face_spoof,252,210,385,436
IMG_20220826_103424_jpg.rf.9c948ac06d3820a20a810dfb4584d34f.jpg,640,640,face_spoof,159,176,473,480
thereal19_jpg.rf.a187551e7ee5d9b0acb20b75e02b1f73.jpg,640,640,face_real,130,193,482,533
fake-128-_png_jpg.rf.9f185eb8c22fe3505e5e2704656c934c.jpg,640,640,face_spoof,190,47,534,550
real-78-_png_jpg.rf.a378ce07081c6d6f30ffa5211560d458.jpg,640,640,face_real,152,122,475,562
real-38-_png_jpg.rf.9d1d3615e91e3ff390da0af8b1cf0d68.jpg,640,640,face_real,129,82,501,558
faker9_jpg.rf.9ce52fdc7dcf8f5a883919143f8d12f7.jpg,640,640,face_spoof,182,204,397,477
andr_video_2_frame12_jpg.rf.a357895b89e27ca3927e80354e476ec8.jpg,640,640,face_real,199,115,430,470
faker12_jpg.rf.a3dce6d898b1c740aba0cedc0e095a5f.jpg,640,640,face_spoof,206,126,454,471
new_real-22-_jpg.rf.9fac8e71698b294518be95536bab95bb.jpg,640,640,face_real,279,158,390,326
andr_video_3_frame25_jpg.rf.a33e2def06bf3d3f808b56af8d1dcf2d.jpg,640,640,face_spoof,170,179,435,537
thereal1_png_jpg.rf.a3913c3df17bfb0c239c93f21a5f6913.jpg,640,640,face_real,202,170,464,486
IMG_20220831_092914_jpg.rf.9ffbc1996cb60c2bbd1e1c61e9cb16e5.jpg,640,640,face_spoof,238,283,434,433
fake-130-_png_jpg.rf.9e0dc9f013cd997369093d388b0a89e6.jpg,640,640,face_spoof,168,66,470,543
fake-168-_png_jpg.rf.a33127b3c0b613a88c10e31f9dbe66a7.jpg,640,640,face_spoof,122,65,481,528
andr_video_12_frame98_jpg.rf.a1c0a7d932ca847e86dbc1707b2d8cb2.jpg,640,640,face_spoof,137,46,459,543
IMG_20220831_092919_jpg.rf.a3e0f1a0709f75bcf1bf9cd807bb0f06.jpg,640,640,face_spoof,275,274,390,446
real-94-_png_jpg.rf.9eb470b9d2020570ee0b7d522949ce57.jpg,640,640,face_real,162,68,482,560
real-88-_png_jpg.rf.9dda7c7732541c83ff1d7c4273cfcef0.jpg,640,640,face_real,157,82,479,558
andr_video_9_frame24_jpg.rf.9d3f46a4b21826476b763e7d98530cba.jpg,640,640,face_spoof,198,182,383,487
fake-214-_png_jpg.rf.a508827a44a602dc7db2efee592e40d5.jpg,640,640,face_spoof,133,101,482,552
IMG_20220831_092908_jpg.rf.a4fc2973e0b495214de6d27587ff154a.jpg,640,640,face_spoof,259,275,385,439
real-72-_png_jpg.rf.a4c0ade4bfe6815990a48ebd9e4ac90e.jpg,640,640,face_real,115,62,506,598
IMG_20220831_092914_jpg.rf.a3e3143680d86e28cdbd03b249ea24d4.jpg,640,640,face_spoof,274,283,384,433
faker5_jpg.rf.9d2cc5c2531b58c8c18751d35525d066.jpg,640,640,face_spoof,197,197,443,467
andr_video_9_frame8_jpg.rf.a27a2ef4c33015fd3b9bf91683d98804.jpg,640,640,face_real,216,129,402,369
new_real-26-_jpg.rf.a47006a8ecbc4323397f58729e8364b9.jpg,640,640,face_real,235,218,423,488
faker4_jpg.rf.a55af18c45b8ab16b580e94c77ed6f5b.jpg,640,640,face_spoof,188,233,417,508
fooke18_jpg.rf.a52b84bd8deda14d1a22b148cfc8a9a0.jpg,640,640,face_spoof,204,203,453,529
faker25_jpg.rf.a64675a2d49429869e9e06e7cd0febce.jpg,640,640,face_spoof,174,214,464,495
fake-74-_png_jpg.rf.a69e80f5d7fb41ec3984bc8ecd4dcf52.jpg,640,640,face_spoof,156,95,472,547
fake-146-_png_jpg.rf.9d46aab318956ab2bca10c23bef7e8a1.jpg,640,640,face_spoof,131,72,479,563
fake-52-_png_jpg.rf.a6e11c4a9934d27b54be408f4db47f32.jpg,640,640,face_spoof,171,81,475,544
faker24_jpg.rf.a6f86930d00178bd156f7177e762dd2f.jpg,640,640,face_spoof,172,252,454,503
0-908-_jpg.rf.a7dbb511646ee79dc6e58f6c70372953.jpg,640,640,face_real,173,182,443,548
real-14-_png_jpg.rf.a74a72db10a41c5cbdae16a33baff2fc.jpg,640,640,face_real,140,67,494,563
real-50-_png_jpg.rf.a8f36019fd8a3a6aba1ed26057ce4c63.jpg,640,640,face_real,166,61,509,541
new_spoof-32-_jpg.rf.aadfaebe232ad88bf7e65bdd47806545.jpg,640,640,face_spoof,264,218,377,395
andr_video_3_frame15_jpg.rf.a98ae56185bd16ffb5f99fad9f004908.jpg,640,640,face_real,224,145,409,410
new_real-12-_jpg.rf.aa653ea5d027afe4efadf837a4853e16.jpg,640,640,face_real,214,195,444,472
IMG_20220831_092911_jpg.rf.ac5c87dbba072e62cf49c5bd2db3b8a4.jpg,640,640,face_spoof,226,277,436,442
real-3-_png_jpg.rf.ab2bef10a469b5c31570d1f09a294848.jpg,640,640,face_real,166,86,519,577
fooke6_jpg.rf.ab45d1cbcbf97595988a05ba0dbe5db3.jpg,640,640,face_spoof,137,99,486,486
real-43-_png_jpg.rf.ab521939540b60bfd389d3915c071ff1.jpg,640,640,face_real,134,85,475,554
IMG_20220831_092906_jpg.rf.ac78d3aaa63b2a89c5cf8abbb9a45cf4.jpg,640,640,face_spoof,189,266,438,451
fake-32-_png_jpg.rf.ace1176c4febdb55b1a35e554049354e.jpg,640,640,face_spoof,159,63,475,564
fake-31-_png_jpg.rf.ad07767d0f85ee4d269be5b066340ea6.jpg,640,640,face_spoof,158,55,491,549
full_mask5_JPG_jpg.rf.ad3e0e7b3fe1183da54263e1fb6d92e6.jpg,640,640,face_spoof,106,159,492,631
ios_video_86_frame21_jpg.rf.ad9b6654b4b31063602674de3f95c4a2.jpg,640,640,face_spoof,253,207,404,440
new_real-54-_jpg.rf.ad98b5f5ee45b8f3513474230705146c.jpg,640,640,face_real,190,126,483,545
andr_video_0_frame1_jpg.rf.af3302ea0bd041e8f179904e69ba58fb.jpg,640,640,face_spoof,169,28,389,340
thereal17_jpg.rf.adf6203deb9853c9ad1f27d1cff1269c.jpg,640,640,face_real,134,213,476,557
fake-93-_png_jpg.rf.b050bedace5a34a6c4ba63bb835b944d.jpg,640,640,face_spoof,153,66,488,570
fooke9_jpg.rf.af997f4f36f2ed4751ce5719f0f038aa.jpg,640,640,face_spoof,164,138,492,586
0-1204-_jpg.rf.b190bc1fb5e1b9477fc2e985ff41a223.jpg,640,640,face_real,213,147,426,427
fake-42-_png_jpg.rf.b149c4126e6c78d0a662dd10cb26871e.jpg,640,640,face_spoof,173,76,467,550
new_spoof-35-_jpg.rf.b2011c33a8ba4fa63917178d5bf7610f.jpg,640,640,face_spoof,253,221,368,401
partially_fake_JPG_jpg.rf.b1e0301092fab371c490b8417e5a8d09.jpg,640,640,face_spoof,140,148,494,580
andr_video_24_frame20_jpg.rf.b248989f7f8862d84d9675b504103fc0.jpg,640,640,face_real,234,161,431,418
new_spoof-30-_jpg.rf.b396be391f13fb3d41da7a1a00375d49.jpg,640,640,face_spoof,249,226,393,422
replay8_JPG_jpg.rf.b0ae063b2e58acce31ab41948db4d8aa.jpg,640,640,face_spoof,131,149,495,578
fake-39-_png_jpg.rf.b40567f93d49fd259c2be33d5f1d0e33.jpg,640,640,face_spoof,168,74,481,541
ios_video_9_frame20_jpg.rf.b51894922e5e0e7c1bb7ca6dbcfe54da.jpg,640,640,face_spoof,215,190,410,490
andr_video_6_frame0_jpg.rf.b46d193c0b6117ee0ec57136d1af64e4.jpg,640,640,face_spoof,142,72,414,455
real-8-_png_jpg.rf.b5bc562471333570a73938bcb9937674.jpg,640,640,face_real,161,103,544,579
real-5-_png_jpg.rf.b51e90eb46f4b762d46fcb5e8a27ee94.jpg,640,640,face_real,160,88,512,558
real-23-_png_jpg.rf.b494918e0ef81e8eac214cfdcf49bdbc.jpg,640,640,face_real,182,91,483,540
fake-142-_png_jpg.rf.b5caccd1e4e631b9725d47dbaa3ec2a1.jpg,640,640,face_spoof,83,64,463,569
fooke5_jpg.rf.b5f1c0988b274e3615b54cee7e61c318.jpg,640,640,face_spoof,134,155,516,552
IMG_20220826_103430_jpg.rf.b5fbe57aae007fe5fbeeea032bfed373.jpg,640,640,face_spoof,238,125,461,477
fook10_jpg.rf.b6a12db52c1c7edf2121a32909a664a7.jpg,640,640,face_spoof,149,231,467,544
fake-25-_png_jpg.rf.b640e3d0013c00dba96eb0da347b823b.jpg,640,640,face_spoof,165,86,499,560
thick_makeup_JPG_jpg.rf.a062e3368f0f07b06610156656ec9cf7.jpg,640,640,face_spoof,127,65,494,590
ios_video_96_frame9_jpg.rf.b6e52e90d827dfbfccb0dbe834f8212f.jpg,640,640,face_spoof,259,247,385,432
new_spoof-53-_jpg.rf.b71806c9d99c41ed819fd50bdf58664e.jpg,640,640,face_spoof,256,234,380,410
silicone_head8-_JPG_jpg.rf.b91abf3f8f7d0aadc45a21d6d135324c.jpg,640,640,face_spoof,131,61,499,575
fake-60-_png_jpg.rf.b79f176c64824e01059687c2764765a2.jpg,640,640,face_spoof,174,89,473,554
andr_video_4_frame2_jpg.rf.b7efb990fc8b81dfb3310ed1e9001df1.jpg,640,640,face_spoof,242,209,443,481
thereal23_jpg.rf.b926c446ce8fc554d4d144b4285b5b32.jpg,640,640,face_real,165,204,476,546
andr_video_9_frame5_jpg.rf.bab69f17a1236e9e64a366071018b11b.jpg,640,640,face_real,207,126,415,366
fake-40-_png_jpg.rf.bb4bfad6646b8a8bf1dd06e0615d42c5.jpg,640,640,face_spoof,164,80,479,546
andr_video_81_frame35_jpg.rf.bba15bd3c6fbc13f36b961d5b385030d.jpg,640,640,face_spoof,220,233,383,474
fake-20-_png_jpg.rf.bc39414cce18901189777fcafdf83743.jpg,640,640,face_spoof,154,71,484,558
fake-200-_png_jpg.rf.baaef7a2eb6241f7d817fac3d4801fdb.jpg,640,640,face_spoof,64,103,542,570
andr_video_72_frame46_jpg.rf.bc5481e55540687b2f6f027c4325dea5.jpg,640,640,face_spoof,237,208,375,493
thereal21_jpg.rf.bc3c3c3ec797176f144eae6c04eb9e67.jpg,640,640,face_real,162,196,434,527
thereal7_png_jpg.rf.bce32b18d06157f8ab46f6507c76e273.jpg,640,640,face_real,153,68,483,509
faker23_jpg.rf.bca036f651b1ea41dc71e27d4affba23.jpg,640,640,face_spoof,186,205,446,467
new_spoof-23-_jpg.rf.bdb922ac71b85c9527749a50db74f48b.jpg,640,640,face_spoof,262,250,366,389
fake-186-_png_jpg.rf.be06c463077d7236ad6d2efb3e806a8a.jpg,640,640,face_spoof,165,69,502,532
thereal8_png_jpg.rf.be1ba1185737a1c7e468b670ba1c0709.jpg,640,640,face_real,189,228,458,545
real-32-_png_jpg.rf.bdd802412204042d8a570c282be18a1f.jpg,640,640,face_real,105,90,495,604
real-42-_png_jpg.rf.b3696069166b5a2acac19ca4e5bb12c3.jpg,640,640,face_real,139,91,485,566
ios_video_44_frame1_jpg.rf.be9ef446d1f150e3b0ed05ec7d2ac163.jpg,640,640,face_spoof,247,200,395,450
really_mirror_JPG_jpg.rf.be8d24dc45515474f0f1240843573d16.jpg,640,640,face_spoof,115,113,449,508
fake-118-_png_jpg.rf.be6d0e5de4efa46cf58dc7fbc40daf2b.jpg,640,640,face_spoof,125,42,483,570
fake-43-_png_jpg.rf.c0135c4e72fe9044d0f6fe5bfec7cea7.jpg,640,640,face_spoof,170,84,465,547
ios_video_69_frame4_jpg.rf.bf868319ee8a0b4a53a9cbbb01415edc.jpg,640,640,face_spoof,252,238,388,459
andr_video_13_frame15_jpg.rf.bfa6fb0174255d29836fc47bd369a54a.jpg,640,640,face_spoof,228,145,418,429
fooke22_jpg.rf.c01b87cb8b8761f9a8a75e7ff3544cab.jpg,640,640,face_spoof,189,174,469,511
transparent_mask3_JPG_jpg.rf.bf29c8af58ba5549395139dce12a6eb0.jpg,640,640,face_spoof,164,106,524,596
fake-94-_png_jpg.rf.c0440ceb268628ea245f63757bbec8af.jpg,640,640,face_spoof,161,75,491,571
fake-64-_png_jpg.rf.bb43b10af600f7fdbe062f98a33733c7.jpg,640,640,face_spoof,166,90,473,551
real-95-_png_jpg.rf.c074ae8c099a4d0748073e72fbe84c2c.jpg,640,640,face_real,167,71,480,563
fake-160-_png_jpg.rf.c0356a6ea4369341f337817e0b93e9cc.jpg,640,640,face_spoof,165,73,486,576
ios_video_7_frame15_jpg.rf.c1cbdeff5a649551c3737fdbc2a9d01b.jpg,640,640,face_spoof,250,174,428,439
paper_mask7_JPG_jpg.rf.c046ad5823cc1790c43a62a9d2e8fffb.jpg,640,640,face_spoof,135,224,483,590
fake-12-_png_jpg.rf.c0aa215d069c9ea3b0bec9b70a5f86e0.jpg,640,640,face_spoof,157,72,490,553
partially_fake6_JPG_jpg.rf.c1d9e560a4d748ec03aae1cca7d81e65.jpg,640,640,face_spoof,120,129,484,566
real-62-_png_jpg.rf.c20d91aead4f8cd13bdeb97f9988d5f3.jpg,640,640,face_real,156,87,467,548
andr_video_4_frame0_jpg.rf.c1dd5ba0e17a3ce2f4dd2c3b9df7687f.jpg,640,640,face_spoof,229,173,465,499
IMG_20220826_103428_jpg.rf.c307625239b7f19b3c4a669895986827.jpg,640,640,face_spoof,193,149,495,475
faker13_jpg.rf.c3c179ca659571d54376027783b1fda7.jpg,640,640,face_spoof,219,167,464,491
new_real-48-_jpg.rf.c35e80332b9ff329bbc66e3ac2c0570f.jpg,640,640,face_real,193,167,468,576
faker7_jpg.rf.c4b0ef891c0af1b198a650b5ebd8511f.jpg,640,640,face_spoof,217,120,457,453
fake-136-_png_jpg.rf.c375cf9a8c1a3c454a398d632ea1cbd9.jpg,640,640,face_spoof,76,44,473,594
fake-72-_png_jpg.rf.c4dde5280ce3eb6e44a4a036ae87dfc1.jpg,640,640,face_spoof,198,89,523,558
new_real-33-_jpg.rf.c4d34676b173688ef18b83d07d4eca1d.jpg,640,640,face_real,182,157,443,520
andr_video_5_frame51_jpg.rf.c5474feb70c4c9064bb536844b1a3485.jpg,640,640,face_real,226,111,418,397
real-73-_png_jpg.rf.c546b922797cf2e9a37cf73a39d1ad94.jpg,640,640,face_real,88,84,546,598
fooke21_jpg.rf.c67dad49bc8187c88f112ffcebb36225.jpg,640,640,face_spoof,219,163,490,465
real-10-_png_jpg.rf.c60acf1b380067d5e4c595ff2150192c.jpg,640,640,face_real,161,77,532,578
fake-127-_png_jpg.rf.c6bee31b53e28df5560b5fd07f58ac8b.jpg,640,640,face_spoof,184,66,493,556
thick_makeup8_JPG_jpg.rf.c79273d091ef3b5e2f0d864545d4ae45.jpg,640,640,face_spoof,139,145,482,563
fooke10_jpg.rf.c5b02bae785a9f116ade80c6a87322ae.jpg,640,640,face_spoof,98,236,505,588
ios_video_7_frame7_jpg.rf.c79481304cf0e54f57473766528668b7.jpg,640,640,face_real,233,188,413,456
real-29-_png_jpg.rf.c89370b90a314ce8a9df22f1fa7978a7.jpg,640,640,face_real,139,76,536,588
real-51-_png_jpg.rf.c85ad35f11e77352eacbfee759afc634.jpg,640,640,face_real,159,51,511,558
fake-165-_png_jpg.rf.c968953edaf371e7c51052be6f01ca28.jpg,640,640,face_spoof,135,82,488,544
fake-73-_png_jpg.rf.c93b95944321b59e0a50e0234aa0bbb4.jpg,640,640,face_spoof,127,107,466,567
fake-179-_png_jpg.rf.c98332bc9e2a563b82970c89d036f3b7.jpg,640,640,face_spoof,136,107,490,562
andr_video_11_frame19_jpg.rf.c97f44c5a29098d89fe4302139fc2b57.jpg,640,640,face_spoof,205,139,419,429
andr_video_3_frame9_jpg.rf.cae88d4db119f9aa4c27a9d197651347.jpg,640,640,face_spoof,176,114,352,348
andr_video_8_frame25_jpg.rf.cb729165bba478a00891e9b6c141855b.jpg,640,640,face_real,207,119,388,368
andr_video_12_frame11_jpg.rf.b23952a818836a5187d37675e2ea1f38.jpg,640,640,face_spoof,214,115,434,420
fake-184-_png_jpg.rf.cba93f3b9d1b257bb38e18dfb651faba.jpg,640,640,face_spoof,125,83,486,559
new_real-41-_jpg.rf.cc22dcdcc65266b53f8452b1bf88b9ce.jpg,640,640,face_real,232,244,452,527
andr_video_76_frame5_jpg.rf.ccae86e9b9814aeaa97118082e048267.jpg,640,640,face_spoof,217,159,415,396
ios_video_12_frame21_jpg.rf.cd7317e9557ef38ba560f354b80b1747.jpg,640,640,face_spoof,279,237,454,485
0-4-_png_jpg.rf.cd77bd2e5af2c9dccaaf65d022fe0f29.jpg,640,640,face_spoof,154,172,429,487
fake_JPG_jpg.rf.cdbdeeaf9a70d87566f8d6843da6dad5.jpg,640,640,face_spoof,210,214,431,512
real-56-_png_jpg.rf.ce148a20ef948d62de3623c0e1292fe2.jpg,640,640,face_real,172,79,489,543
andr_video_1_frame1_jpg.rf.ce4efc2097c2ed67f1c5163bced72cca.jpg,640,640,face_real,212,163,404,419
fake-105-_png_jpg.rf.cee3488030b2784ef74ba6bd6aeeb4a6.jpg,640,640,face_spoof,90,26,506,600
fake-18-_png_jpg.rf.ce4b6d709c27434ae76b4be414865f52.jpg,640,640,face_spoof,167,68,495,557
fake-46-_png_jpg.rf.cf869d780a44db76d27bfc58b564e739.jpg,640,640,face_spoof,159,72,484,555
IMG_20220826_103458_jpg.rf.d0d760857b45e251e1bfb67b30eb186c.jpg,640,640,face_spoof,209,143,443,477
andr_video_27_frame39_jpg.rf.cde9cdec893036f703f0829d1baad73f.jpg,640,640,face_real,224,25,397,296
andr_video_94_frame43_jpg.rf.d076cd1a3b340450f3d7d0ed714c8bcd.jpg,640,640,face_spoof,216,145,406,436
real-81-_png_jpg.rf.ce9767496d562aead65f07db585f6d33.jpg,640,640,face_real,149,103,500,572
fake-191-_png_jpg.rf.d0a0ba0977849d12635ba6764649bb87.jpg,640,640,face_spoof,189,94,490,506
fake-162-_png_jpg.rf.cebca01ee912c58cf4bc9a98a8909246.jpg,640,640,face_spoof,183,92,490,531
fake-67-_png_jpg.rf.ce3b9d5d53f9de3cebaaa60e90fdbc61.jpg,640,640,face_spoof,114,61,522,609
fooke1_jpg.rf.af5131c7c09f8c5f466655a9482c0ac0.jpg,640,640,face_spoof,225,142,441,454
real-2-_png_jpg.rf.d10a5f170141f7c4f161b9aa18ea5dbc.jpg,640,640,face_real,155,80,521,589
andr_video_2_frame3_jpg.rf.d1646f4d81e321ddbe1d71f1a75057f5.jpg,640,640,face_spoof,205,218,421,495
andr_video_15_frame2_jpg.rf.d0fa910307440af6388a20507ef3bbe2.jpg,640,640,face_real,221,127,397,373
IMG_20220831_092919_1_jpg.rf.d18106517c6fca3809c6bd10a2761bcc.jpg,640,640,face_spoof,236,285,440,449
real-57-_png_jpg.rf.d1970a5142cadd61d373ae13e056f4ab.jpg,640,640,face_real,162,70,493,563
IMG_20220831_092905_jpg.rf.d1adda9e5ec328a9e420f8eb57db0e9c.jpg,640,640,face_spoof,174,261,459,451
real-67-_png_jpg.rf.d1b8418e12a52c2b0c39ca0b2a6ecfbe.jpg,640,640,face_real,115,68,478,580
thereal24_jpg.rf.d345cb3c0ce8f92ab9f2efeab0c1da82.jpg,640,640,face_real,187,174,452,498
andr_video_7_frame51_jpg.rf.d3cb26b38490e001b1072db810b37af4.jpg,640,640,face_spoof,204,134,456,546
andr_video_85_frame11_jpg.rf.d44bf914d0e36ba63678591b738b3b81.jpg,640,640,face_spoof,200,176,396,431
new_real-21-_jpg.rf.d4a2d0f6f8d6541cb034c0cb470115c2.jpg,640,640,face_real,271,228,392,389
fake-63-_png_jpg.rf.d4a81dd3e0070eaed2017ac3e6dc1cbc.jpg,640,640,face_spoof,163,92,463,540
fake-87-_png_jpg.rf.d4cce37b6feebd039fd4a4250c4941d7.jpg,640,640,face_spoof,70,59,545,614
realistic_silicon2_JPG_jpg.rf.d558d2c7a826295b1f329be43b209dc5.jpg,640,640,face_spoof,139,60,482,536
fake-156-_png_jpg.rf.d637dfe41610a88cf5135ce5befbe151.jpg,640,640,face_spoof,159,68,475,557
real-83-_png_jpg.rf.d5ab2707bb90ef1f0e919c4bf56abd46.jpg,640,640,face_real,163,110,492,537
fake-91-_png_jpg.rf.d6a31a4ebc3db169184c7ea061bfbecd.jpg,640,640,face_spoof,158,77,485,546
thereal17_jpg.rf.d72d7f83d540aef8f07e9686b59b0dd9.jpg,640,640,face_real,118,213,491,557
new_spoof-5-_jpg.rf.d71d8a230499c9fb07147cdeefa74152.jpg,640,640,face_spoof,131,85,511,486
andr_video_3_frame33_jpg.rf.d6e53e6f9926a2a6f3036f0f4f446886.jpg,640,640,face_spoof,186,172,417,504
new_spoof-7-_jpg.rf.d785ac313dada76f2723cde6ea4e42cd.jpg,640,640,face_spoof,102,107,380,487
fake-44-_png_jpg.rf.d7564d1ec2c10d6c9ff990cd0e876fb1.jpg,640,640,face_spoof,171,85,473,546
fake-53-_png_jpg.rf.d7e27955dec44a773fa456ec2ac6a7ca.jpg,640,640,face_spoof,165,81,475,545
IMG_20220826_103422_jpg.rf.d7e7eb0413a0ced0f86588fe73f6f17c.jpg,640,640,face_spoof,191,188,470,480
new_real-8-_jpg.rf.da17ab8f68b8ddf066115d6b47d9fe5c.jpg,640,640,face_real,220,217,396,455
fake-80-_png_jpg.rf.d7a28af6ee05c4059b9e91a621530bf3.jpg,640,640,face_spoof,150,80,479,557
andr_video_3_frame1_jpg.rf.daa97d8c3f6e050deafc143ae3a2ccee.jpg,640,640,face_spoof,190,99,406,404
andr_video_4_frame35_jpg.rf.db1e8e93377825e505d9ea8a18952eee.jpg,640,640,face_real,227,120,423,403
IMG_20220826_103533_jpg.rf.d9b6c40cecc014ce81ae1f77df4a2f08.jpg,640,640,face_spoof,225,191,423,474
ios_video_2_frame6_jpg.rf.d8dfd0eed5dc24b792becfaa9e127fd7.jpg,640,640,face_spoof,255,192,431,445
fake-192-_png_jpg.rf.daadc65f07f28b7327e9cf87fa7c4716.jpg,640,640,face_spoof,149,90,504,547
fake-28-_png_jpg.rf.dc913d875efa0129f45f00bf9d18a1b3.jpg,640,640,face_spoof,177,85,473,546
fake-6-_png_jpg.rf.dc054d42c0fdf0e35a392a6b154733a5.jpg,640,640,face_spoof,160,71,481,560
real-52-_png_jpg.rf.dbe1898e021305e85e0c958b30b78ad4.jpg,640,640,face_real,153,53,516,548
thereal23_jpg.rf.dc98e9025e0b246795cda5be2f9696b2.jpg,640,640,face_real,185,204,456,546
thereal13_jpg.rf.dd787d41369b4c4ce4a3a83fed5bd598.jpg,640,640,face_real,179,246,449,524
fooke4_jpg.rf.dd2627de212d58f1f7c3a7e6c540fc5f.jpg,640,640,face_spoof,178,121,453,441
fake-10-_png_jpg.rf.dd81bdb3d4bd2fbe15cd6a22d0af7163.jpg,640,640,face_spoof,172,77,494,559
mannequin_JPG_jpg.rf.def3ef9bf14b1a637f09218e8ee30b07.jpg,640,640,face_spoof,128,123,487,592
new_real-27-_jpg.rf.e0555c04ff0713cf2cc856f7703861c3.jpg,640,640,face_real,215,167,445,493
new_real-25-_jpg.rf.dee87807e4e7fbf25b42548672957a73.jpg,640,640,face_real,217,217,424,485
fake-209-_png_jpg.rf.e08fc338e4e2649086bb97626fcc63d3.jpg,640,640,face_spoof,134,74,489,553
fake-103-_png_jpg.rf.e0b326b85c49cf755783229fd3353346.jpg,640,640,face_spoof,122,45,499,567
new_real-29-_jpg.rf.e137158601eb1fd0d068c6df03553ce8.jpg,640,640,face_real,234,197,442,483
thereal21_jpg.rf.e186f1c4bdaa11d443dccf2359b3887c.jpg,640,640,face_real,117,196,468,527
real-27-_png_jpg.rf.e1f5429c639bbc6ad3265b767757901d.jpg,640,640,face_real,152,111,496,563
fake-155-_png_jpg.rf.e218fdee0d3dfac4b317d00cfaf4aacf.jpg,640,640,face_spoof,137,57,510,583
IMG_20220826_103414_jpg.rf.e26d0acdd83faa7448a4995f589149d3.jpg,640,640,face_spoof,238,207,455,515
new_real-50-_jpg.rf.e2823e41bc6c859959a6f8fdfcf1b53b.jpg,640,640,face_real,200,90,483,523
fake-123-_png_jpg.rf.e29049370bcc884e6dd95a852ea1d690.jpg,640,640,face_spoof,189,49,525,557
faker2_jpg.rf.e2972932eae9e6c2309a6d4b252276fe.jpg,640,640,face_spoof,170,177,463,542
real-89-_png_jpg.rf.e22b0185e9fc1254498682cadb4478aa.jpg,640,640,face_real,156,83,480,554
real-1-_png_jpg.rf.e2796166b0f870ccaea287bfb0724b14.jpg,640,640,face_real,162,71,528,592
new_spoof-34-_jpg.rf.e2ad9caaf91863bd542ae36fa82327b5.jpg,640,640,face_spoof,246,216,382,400
0-746-_jpg.rf.e41c34ed48f4fbcb663d73b66b3a6ddc.jpg,640,640,face_spoof,159,146,482,539
ios_video_3_frame20_jpg.rf.e195ad0c78b9c755df1bb33c8caeea46.jpg,640,640,face_spoof,227,194,412,462
andr_video_0_frame1_jpg.rf.e2e687896f10ba77fae422b28d126477.jpg,640,640,face_spoof,173,167,469,605
replay5_JPG_jpg.rf.e41e0b5b0594343f13fd3f232d2903f4.jpg,640,640,face_spoof,131,104,493,575
mouth_fake5_JPG_jpg.rf.e5bd6e17bd515e2ae9c0dcd86f39ae09.jpg,640,640,face_spoof,108,136,493,594
IMG_20220826_103428_jpg.rf.e60038ef3644c0132803b253e2cda008.jpg,640,640,face_spoof,225,149,451,475
new_real-1-_jpg.rf.e577dcd6a2015a3d6857de995355ec9a.jpg,640,640,face_real,308,268,441,445
IMG_20220826_103533_jpg.rf.e5e5c9a042a193eb1c411a0367dff8ca.jpg,640,640,face_spoof,194,191,458,474
fake-23-_png_jpg.rf.e6f52c3a83b07e9631b0e92cf4daae89.jpg,640,640,face_spoof,161,112,488,550
andr_video_9_frame50_jpg.rf.e6c7fbc92df9efc27807ac6996c7602f.jpg,640,640,face_real,201,80,402,394
fake-147-_png_jpg.rf.e7b10553ba0626804470248752035198.jpg,640,640,face_spoof,81,66,474,580
fake-143-_png_jpg.rf.e65b61d8885c1eb0ca1ed92c698de2ac.jpg,640,640,face_spoof,88,48,464,570
andr_video_14_frame15_jpg.rf.e846d4d2095b59efde105259a9e1b93d.jpg,640,640,face_spoof,223,132,440,433
new_spoof-28-_jpg.rf.e7fa4fdc7a9151a0e605a1c0cbc97fbc.jpg,640,640,face_spoof,318,282,398,378
fake-14-_png_jpg.rf.e8b79cd7cdce915e870a80e34d2cc97d.jpg,640,640,face_spoof,152,57,476,556
andr_video_2_frame62_jpg.rf.e94bd90e8c2fcef924ac8127c662417d.jpg,640,640,face_real,207,129,395,410
ios_video_77_frame8_jpg.rf.ea1902b7dad09e1d66c82ede600af1bc.jpg,640,640,face_spoof,247,182,413,428
IMG_20220831_092909_jpg.rf.e96cfde4062646765aaa7e1f472ed113.jpg,640,640,face_spoof,256,271,395,457
fackeLatex_JPG_jpg.rf.ea4c2fc15803bb013c36b084a1ec0dc2.jpg,640,640,face_spoof,182,86,482,521
andr_video_2_frame19_jpg.rf.e852c65ee16267859bc5348ccd255649.jpg,640,640,face_spoof,208,166,421,451
fooke5_jpg.rf.ea638d41604869a80291b0ee061f4301.jpg,640,640,face_spoof,177,155,469,552
real-7-_png_jpg.rf.eb64211964a3c0d764b10810d94a4e7d.jpg,640,640,face_real,172,92,521,585
print8_JPG_jpg.rf.ea8a137472c873edb829fabd580aa25a.jpg,640,640,face_spoof,135,50,499,599
IMG_20220831_092905_jpg.rf.eb3cbde41bec2b27c2e6c49f74ae9a59.jpg,640,640,face_spoof,238,261,398,451
print7_JPG_jpg.rf.ec868f778df0bdc2a64e765d632ec63d.jpg,640,640,face_spoof,180,100,525,581
new_spoof-24-_jpg.rf.ed25a1ce30dd1d2168cfad0fa0d37103.jpg,640,640,face_spoof,251,207,399,416
fake-149-_png_jpg.rf.eba0109cfc38b30bdaa09178a561a151.jpg,640,640,face_spoof,83,50,470,583
mouth_fake2_JPG_jpg.rf.ec081e56551c14872c68e13cf8e335b7.jpg,640,640,face_spoof,109,219,484,564
new_spoof-52-_jpg.rf.eda0f473768d6109d3d247f943ab079d.jpg,640,640,face_spoof,282,236,371,381
andr_video_9_frame3_jpg.rf.ee53945da5240a89c85c9f6cfc1ac6a3.jpg,640,640,face_real,218,125,405,374
andr_video_2_frame43_jpg.rf.ed4b8066ba1b4a9c6405cbd2bd6871b9.jpg,640,640,face_spoof,155,13,418,438
new_real-51-_jpg.rf.ee580c0808766d78f358016ec16edfa8.jpg,640,640,face_real,184,86,480,542
full_mask2_JPG_jpg.rf.ed8777690bf828927faf6f44b520ba56.jpg,640,640,face_spoof,140,88,491,590
fake-189-_png_jpg.rf.eeeff4443348bcde0639c247a603cb67.jpg,640,640,face_spoof,167,84,499,550
real-39-_png_jpg.rf.ef1f57d4f40853dfcfb0b8f102f474a1.jpg,640,640,face_real,135,102,494,553
new_spoof-42-_jpg.rf.ee79573b295b7a9cada503e588a1e8ca.jpg,640,640,face_spoof,298,223,363,309
ios_video_8_frame25_jpg.rf.ef6cc79a16659dbefa9c790e97b10717.jpg,640,640,face_spoof,232,183,422,461
real-77-_png_jpg.rf.d532c9cb1cc1351c9c9969636df39d75.jpg,640,640,face_real,166,136,482,531
fooke7_jpg.rf.b9fc9050b00f3136340e822a1076ab8f.jpg,640,640,face_spoof,186,133,484,560
fake-114-_png_jpg.rf.dc6a99b291cfeee73f3adaa7b5c814fb.jpg,640,640,face_spoof,198,39,518,587
andr_video_94_frame58_jpg.rf.c12c7c5328a9fff715d7dc8e203ec4b3.jpg,640,640,face_spoof,216,157,401,418
print4_JPG_jpg.rf.da1d69d4db5774679075da24358533b1.jpg,640,640,face_spoof,122,130,500,557
new_real-37-_jpg.rf.06e37f8eedf1445d03dad6bf08618c1e.jpg,640,640,face_real,252,265,358,400
real-21-_png_jpg.rf.0321b8d3b544c53a6b94662a020cec26.jpg,640,640,face_real,163,86,497,576
fooke16_jpg.rf.0252a27a0a58124f56d62eeee1fe8c89.jpg,640,640,face_spoof,119,178,512,523
real-18-_png_jpg.rf.05b10632b30380ec5c114ac431512526.jpg,640,640,face_real,151,67,486,553
replay3_JPG_jpg.rf.01da275e3153206925b96703a82ac219.jpg,640,640,face_spoof,121,122,525,593
fake-131-_png_jpg.rf.07bc4192e2d7129a816c933c56b4ae02.jpg,640,640,face_spoof,134,120,512,560
ios_video_2_frame8_jpg.rf.0151880c6d569ba5d503a0c173852f5e.jpg,640,640,face_spoof,227,197,412,467
fooke2_jpg.rf.00089d9babc8c8d620de1a5fb6e21ed5.jpg,640,640,face_spoof,130,161,419,483
fake-58-_png_jpg.rf.07a5d3d8b450a922533d361ec80e5cd3.jpg,640,640,face_spoof,175,96,466,550
fake-71-_png_jpg.rf.06ef71d69f0a114500080c50b410d973.jpg,640,640,face_spoof,171,96,480,555
fake-194-_png_jpg.rf.015f86d596d943cf45069f0e88a35ff7.jpg,640,640,face_spoof,172,80,519,532
new_spoof-16-_jpg.rf.050d9c7d96ba3863de1310f856c80e43.jpg,640,640,face_spoof,237,249,376,412
fake-82-_png_jpg.rf.01b64bdb3d8217a188c3782c44d05ca4.jpg,640,640,face_spoof,171,65,497,568
fake-174-_png_jpg.rf.00dce74b3d50f8e2cd1b0b757ec8ebc6.jpg,640,640,face_spoof,131,97,507,558
fooke17_jpg.rf.023683be7df7d920faab46ecea3f81a7.jpg,640,640,face_spoof,159,182,451,485
new_real-47-_jpg.rf.0746b1d00bd978bdaaf9e3fec47d56d2.jpg,640,640,face_real,170,80,472,563
real-55-_png_jpg.rf.01b52afa90b56ca2de2e23e2b1082461.jpg,640,640,face_real,151,62,518,559
fooke20_jpg.rf.09303b8fde2fa7ba73c1f285c214f6a0.jpg,640,640,face_spoof,139,145,492,497
fake-116-_png_jpg.rf.08359b5af76dd217f08ea3264811e82b.jpg,640,640,face_spoof,122,29,522,577
thereal5_png_jpg.rf.026f12f7cda9eb9783e1d084601d1275.jpg,640,640,face_real,132,40,494,558
new_spoof-10-_jpg.rf.008e11013375af09d502e17052e297a2.jpg,640,640,face_spoof,199,179,452,527
fake-161-_png_jpg.rf.02c390f100b8ca1834ab5519fcd46098.jpg,640,640,face_spoof,144,98,488,568
fake-172-_png_jpg.rf.095c0aeeba1e6325a673afec1c792bb9.jpg,640,640,face_spoof,133,72,495,566
real-79-_png_jpg.rf.06f42b7e711380bb308c9a30241e93c1.jpg,640,640,face_real,127,104,504,616
andr_video_45_frame56_jpg.rf.096e463a6b8ab801505304674894d103.jpg,640,640,face_spoof,230,154,406,454
faker25_jpg.rf.03aa72328691467ccf71afc6b4f4b724.jpg,640,640,face_spoof,186,214,450,495
IMG_20220826_103456_jpg.rf.03181c547539b1e99b48508a41b916dd.jpg,640,640,face_spoof,161,140,479,479
new_real-16-_jpg.rf.030331df63ea752568998c3fd56aeb77.jpg,640,640,face_real,221,250,422,496
replay_JPG_jpg.rf.09d7e630bf265be4369b467666a56e48.jpg,640,640,face_spoof,117,34,514,475
thereal10_jpg.rf.0981d11e1a179953486ab97fd125b68d.jpg,640,640,face_real,163,285,445,593
new_spoof-41-_jpg.rf.0a6373f21c2cb6f2fbabf8b052ef3f3e.jpg,640,640,face_spoof,289,266,356,355
ios_video_20_frame5_jpg.rf.0a892c5af6b392d1926f67431f3d6f87.jpg,640,640,face_spoof,259,202,390,415
fake-180-_png_jpg.rf.0cdf005e38cf1844e9189acf868172e5.jpg,640,640,face_spoof,128,105,487,571
real-13-_png_jpg.rf.0ce9698013fe09cc6dda77cc00a60f1b.jpg,640,640,face_real,163,82,480,543
real-74-_png_jpg.rf.0d082a0a3f24c92a3e147c5415ce2334.jpg,640,640,face_real,112,54,534,605
faker16_jpg.rf.0cb01fa6c46e9a306d6885656dbb5b77.jpg,640,640,face_spoof,168,198,432,532
ios_video_2_frame0_jpg.rf.0d54c7b9deb1102c0f7f3e2a662efe70.jpg,640,640,face_spoof,245,194,401,419
thereal19_jpg.rf.0e20d1a8d39bf7d4e2b85435bdc77190.jpg,640,640,face_real,157,193,458,533
andr_video_5_frame17_jpg.rf.0e79d3fc9138c5f80633200d39616d10.jpg,640,640,face_spoof,206,241,431,511
fake-35-_png_jpg.rf.1092fb7e93a8f1b0f4ed3a1fc17981a0.jpg,640,640,face_spoof,164,67,495,570
realistic_silicon_JPG_jpg.rf.101d2dc16b7cf0877fc92447fbf73480.jpg,640,640,face_spoof,169,71,472,577
andr_video_4_frame27_jpg.rf.0d8fbc5821319362b24c43f865982d64.jpg,640,640,face_spoof,211,109,414,424
andr_video_9_frame11_jpg.rf.10adb31cca74932c87eb1943dcf7fbfb.jpg,640,640,face_spoof,190,99,414,439
realistics_mask_JPG_jpg.rf.1096ce5918c26a19a2c4877320440427.jpg,640,640,face_spoof,128,123,524,600
andr_video_9_frame31_jpg.rf.11266ff2792c470b043ffb08d96561e7.jpg,640,640,face_spoof,148,46,455,532
new_real-57-_jpg.rf.114dada902468ea82bdadd550908264c.jpg,640,640,face_real,233,210,432,488
new_spoof-54-_jpg.rf.115cd5a79510f6150780ef76f5983f87.jpg,640,640,face_spoof,248,193,393,394
partial_fake7_JPG_jpg.rf.0b67179620de0458f4ff1da913373515.jpg,640,640,face_spoof,131,108,505,572
IMG_20220831_092854_jpg.rf.1168e51c14909d711e984679e67d530b.jpg,640,640,face_spoof,100,221,342,407
thereal2_png_jpg.rf.11d49ea645bed34bda74b7a66cc33b46.jpg,640,640,face_real,200,205,447,507
andr_video_0_frame41_jpg.rf.1203946cc3c54b11eb7fa5d988e4675b.jpg,640,640,face_real,187,131,443,486
real-31-_png_jpg.rf.126676a67bf91952c611e404c2c70eb7.jpg,640,640,face_real,83,88,462,598
0-516-_jpg.rf.1387456127328b29d613ba26b1a8e2c6.jpg,640,640,face_spoof,186,225,474,553
andr_video_2_frame3_jpg.rf.144627a9acaae025b7129f9dcf522d27.jpg,640,640,face_spoof,205,82,401,384
fooke18_jpg.rf.132cddd8930a24cd5ade7ceacf88dfce.jpg,640,640,face_spoof,178,203,484,529
fake-175-_png_jpg.rf.145e169c8e7625fa8e67c82d6effb7e7.jpg,640,640,face_spoof,122,99,500,586
ios_video_5_frame7_jpg.rf.14a6ce107e90ecd0cc954d40ef779464.jpg,640,640,face_real,220,201,416,464
IMG_20220826_103526_jpg.rf.14d50140792432bcddf7ea29647ee7ae.jpg,640,640,face_spoof,174,151,453,459
IMG_20220826_103417_jpg.rf.157dd9fcae4de8731d7ca38a51129195.jpg,640,640,face_spoof,189,208,480,496
thick_makeup4_JPG_jpg.rf.161ee3a4ad7470783e23d5f1664bc3d1.jpg,640,640,face_spoof,130,57,507,544
ios_video_10_frame6_jpg.rf.167fe37366f08232f5063820a26329e3.jpg,640,640,face_spoof,242,168,407,418
ios_video_5_frame27_jpg.rf.161e8c28c20bde33b389ce8752f4d8c0.jpg,640,640,face_spoof,227,197,417,440
andr_video_16_frame23_jpg.rf.16c5bdc59175666efe1a4242e8217918.jpg,640,640,face_real,202,98,419,431
ios_video_3_frame16_jpg.rf.1728a28ed2c5aa11fee766bf4b5084b9.jpg,640,640,face_spoof,219,180,412,446
doubleh_JPG_jpg.rf.16a8eb70bc0f82b757029a00e33f48e5.jpg,640,640,face_spoof,28,162,350,573
real-20-_png_jpg.rf.175495267c030e67683c3d13ae3b826e.jpg,640,640,face_real,148,69,485,561
andr_video_5_frame6_jpg.rf.177dc4c36945e30234a19c04f4d83d03.jpg,640,640,face_spoof,167,99,371,386
real-80-_png_jpg.rf.18c622c98ed0643d5aeb981434760534.jpg,640,640,face_real,140,121,501,573
fooke22_jpg.rf.187ff0fdb675b16eadb2d575c634600c.jpg,640,640,face_spoof,151,174,512,511
real-69-_png_jpg.rf.17a20089c05ae0be6119e9073d3bb798.jpg,640,640,face_real,111,49,485,599
new_real-53-_jpg.rf.19343d6a8be2759e974bb6752a1560a7.jpg,640,640,face_real,227,181,421,514
fake-2-_png_jpg.rf.18f9cad5eca514d414e479883f3720e4.jpg,640,640,face_spoof,151,89,482,538
thereal6_png_jpg.rf.1953238a2839da7edfec5d35593b9c3a.jpg,640,640,face_real,182,109,444,524
ios_video_6_frame0_jpg.rf.19b873b88dc910c3a31122c0c041aa76.jpg,640,640,face_spoof,257,237,377,405
fooke14_jpg.rf.1a2623efb2bd7c318397a19059ca2b54.jpg,640,640,face_spoof,153,196,478,537
0-5-_png_jpg.rf.19e7b79344785c3276be6bafcdf7a279.jpg,640,640,face_spoof,48,14,560,546
new_spoof-46-_jpg.rf.10cfd1b300725202a60d388d4708c500.jpg,640,640,face_spoof,270,221,377,393
fake-15-_png_jpg.rf.198c418256cd64668fe903deb10e0311.jpg,640,640,face_spoof,155,41,506,557
fake-112-_png_jpg.rf.1abb579dccd5250f8abd6ada1491d0cc.jpg,640,640,face_spoof,141,49,516,589
thereal5_png_jpg.rf.1a794390c75de19b232de55a6c4209bc.jpg,640,640,face_real,132,68,494,534
new_spoof-47-_jpg.rf.1a34655d301d6c8fc7e73a2b5829bff0.jpg,640,640,face_spoof,243,240,367,388
fake-177-_png_jpg.rf.1a2b48d9534f9497566716bf7d5af923.jpg,640,640,face_spoof,126,133,498,564
real-92-_png_jpg.rf.1c32a75c23040ff9f823299168ce4c43.jpg,640,640,face_real,165,60,484,560
ios_video_13_frame6_jpg.rf.1ae13293b3eba288786805cf3a921a84.jpg,640,640,face_spoof,233,193,404,413
faker8_jpg.rf.1c94af9c04b80b86ab9435d42c8fceb7.jpg,640,640,face_spoof,201,180,403,472
real-70-_png_jpg.rf.1c88b3ae1109d5f8a4626fd565404426.jpg,640,640,face_real,123,79,477,565
ios_video_88_frame22_jpg.rf.1d11d0ebee130a56a4bb35a8b81b6355.jpg,640,640,face_spoof,244,217,389,435
real-63-_png_jpg.rf.1d0bc375f50de398f3f54b7a007a2b1f.jpg,640,640,face_real,155,80,487,565
silicone_head_JPG_jpg.rf.1d198f9460dbb0cbdc5bd66a898bab1e.jpg,640,640,face_spoof,169,86,487,558
fake-97-_png_jpg.rf.1dcc5b05a0d48aa58eaea5184a8fada2.jpg,640,640,face_spoof,174,66,512,565
real-28-_png_jpg.rf.1de32568dedebfda08592f520eff5549.jpg,640,640,face_real,113,56,546,600
fooke4_jpg.rf.1e2535e5df9bdfc479bd172c502a3889.jpg,640,640,face_spoof,198,121,434,441
fake-188-_png_jpg.rf.1dde983b65fb44c98a55ba8075368818.jpg,640,640,face_spoof,161,48,498,534
thereal1_png_jpg.rf.1f0e550b96810a8b5ffc23a68cdca41e.jpg,640,640,face_real,223,170,437,486
fake-193-_png_jpg.rf.1ed97fc6d390093e9a77c47d7f37b775.jpg,640,640,face_spoof,157,91,486,496
fake-201-_png_jpg.rf.1ebb36735058a55309259b6077466e00.jpg,640,640,face_spoof,128,90,486,551
andr_video_12_frame36_jpg.rf.1f838295c07ab20901368bcad577788e.jpg,640,640,face_real,233,146,403,370
fake-34-_png_jpg.rf.215943ba96ad09a540122fe7362a2ad5.jpg,640,640,face_spoof,157,78,483,556
thereal16_jpg.rf.1f7467d88e11c4d918072d2b385f8081.jpg,640,640,face_real,157,223,460,539
andr_video_1_frame3_jpg.rf.1ea8f1f49e9f090addf06320478ae758.jpg,640,640,face_spoof,215,213,407,465
thereal6_png_jpg.rf.20f8c503e56e93bcf8f9e1599ee76403.jpg,640,640,face_real,159,109,466,524
new_spoof-55-_jpg.rf.1df2dcad30fa0ad8711825c1ead5bdf5.jpg,640,640,face_spoof,241,202,412,451
new_real-14-_jpg.rf.21bae1fb69cbfe23e9c8f4c861e082c3.jpg,640,640,face_real,200,252,449,599
mannequin7_JPG_jpg.rf.2178f2135f0244ccd9e70707f0400984.jpg,640,640,face_spoof,125,148,527,594
fake-24-_png_jpg.rf.2203f5e59bdc3fee28b34653b135e828.jpg,640,640,face_spoof,163,97,493,560
andr_video_92_frame53_jpg.rf.230ae10ad2fe0355ab13044c071305cd.jpg,640,640,face_spoof,211,188,377,428
real-40-_png_jpg.rf.229e235918f9873c1df6c4d4794e90de.jpg,640,640,face_real,123,86,488,556
ios_video_6_frame0_jpg.rf.19509eceb31a226a6ee818f8ad8fc7bc.jpg,640,640,face_spoof,283,219,441,484
IMG_20220826_103422_jpg.rf.22c28fc1e733b97650e405825bc46683.jpg,640,640,face_spoof,224,188,433,480
IMG_20220826_103523_jpg.rf.231cf242a111dd1060addd12c19b1f4a.jpg,640,640,face_spoof,194,159,406,456
partially_fake4_JPG_jpg.rf.2370f4ac3d6b4752bbe4fa5f0219a2c2.jpg,640,640,face_spoof,156,151,477,560
IMG_20220826_103535_jpg.rf.245c5c66508e823e465a579a864abb00.jpg,640,640,face_spoof,237,223,427,459
fake-29-_png_jpg.rf.23d0992667ed587dc5033105814760d0.jpg,640,640,face_spoof,161,69,489,562
fake4_JPG_jpg.rf.224f09abe867d612641fddd9e050d987.jpg,640,640,face_spoof,226,182,434,461
new_spoof-50-_jpg.rf.2484220169c0ffa979ce391633ffacba.jpg,640,640,face_spoof,254,195,362,363
partial_fake2_JPG_jpg.rf.24c5abdf7f4cc933423b1bbe448e3d8f.jpg,640,640,face_spoof,163,120,519,555
paper_mask3_JPG_jpg.rf.2564fa3a8a38ccc48a91c15a35370f7e.jpg,640,640,face_spoof,116,209,494,570
fake-126-_png_jpg.rf.24f053c936f94a13b500ec63c491d095.jpg,640,640,face_spoof,166,69,482,551
1-74-_jpg.rf.2591c1e935c7a70d184f0e3967bdca40.jpg,640,640,face_spoof,197,95,468,501
new_real-42-_jpg.rf.26cf5a1b0e6bf806c43afcb2c2c04d3f.jpg,640,640,face_real,209,152,434,533
real-17-_png_jpg.rf.26419ade01199f1f41cf35eb322cf6ab.jpg,640,640,face_real,131,45,501,569
faker15_jpg.rf.2721de3b513d42d78444327daedd0ed5.jpg,640,640,face_spoof,133,143,478,514
new_real-6-_jpg.rf.275dd8285f8183771f113f7983193740.jpg,640,640,face_real,236,177,387,395
fake-117-_png_jpg.rf.273d18ae25177c0f04402e07699efc84.jpg,640,640,face_spoof,114,28,518,584
ios_video_12_frame27_jpg.rf.2712bc29a84feef939c4c402e5abc728.jpg,640,640,face_real,224,173,419,453
real-61-_png_jpg.rf.282a637cac5f41a8089691cc27630860.jpg,640,640,face_real,168,95,471,546
ios_video_87_frame0_jpg.rf.276c4d0cd808be6a1e01dbd4ecceb33e.jpg,640,640,face_spoof,252,221,395,434
ios_video_6_frame21_jpg.rf.28663cc5e690ee9d051bfa367f18e6da.jpg,640,640,face_spoof,232,214,418,425
andr_video_24_frame32_jpg.rf.2767454ccfb3e7e7d837e4c976545b56.jpg,640,640,face_spoof,169,193,381,516
fooke6_jpg.rf.29304528cd17844539baa409e31b22d0.jpg,640,640,face_spoof,192,99,436,486
fake-134-_png_jpg.rf.29bf63ab2c7ccdd0fe5f9ce420f69b35.jpg,640,640,face_spoof,129,39,494,558
silicone_head7_JPG_jpg.rf.29e01a9785781b751d87740bd846bd4a.jpg,640,640,face_spoof,144,126,498,569
new_spoof-51-_jpg.rf.2b20d6ea31c64174494930b570424abd.jpg,640,640,face_spoof,279,279,341,354
andr_video_11_frame28_jpg.rf.2add1b3c95ff3bbe62c76d30e9953f72.jpg,640,640,face_real,207,93,395,391
fake-110-_png_jpg.rf.2a0e0a9f35e5090de7db4ed744366e47.jpg,640,640,face_spoof,140,79,489,550
fake-176-_png_jpg.rf.2bfe3662c17bb2bd8a999c215305cd79.jpg,640,640,face_spoof,121,125,483,556
real-45-_png_jpg.rf.2bb8f1baf58228b63148046020e27cf9.jpg,640,640,face_real,139,75,501,571
1-685-_jpg.rf.2b6a664aa084aa2d9dfb0f922e71c421.jpg,640,640,face_real,214,194,415,447
print2_JPG_jpg.rf.2a7d1107623bd0de16fde5d2d546e4f8.jpg,640,640,face_spoof,118,143,499,566
real-64-_png_jpg.rf.26c089ec15a5bf26950f857948bb2ba5.jpg,640,640,face_real,153,80,483,558
new_spoof-58-_jpg.rf.2c4206510ae307d5923730f79b85edbe.jpg,640,640,face_spoof,250,174,516,488
fake-56-_png_jpg.rf.2c6d008289e0a30452d8b24842c54e13.jpg,640,640,face_spoof,160,83,484,558
fake-164-_png_jpg.rf.2dabca3707f6bc092a2e2dc65a85a9fb.jpg,640,640,face_spoof,151,69,490,549
fake-141-_png_jpg.rf.2dd297090d2975b069fd8ab698552b1c.jpg,640,640,face_spoof,118,60,487,565
full_mask7_JPG_jpg.rf.2dd442a8d8f4be6c307074e6b2e78d0a.jpg,640,640,face_spoof,133,172,483,608
real-54-_png_jpg.rf.2d1cca722e2d7dcb7f6a4495b23896c9.jpg,640,640,face_real,144,66,539,562
andr_video_8_frame44_jpg.rf.2ded10bf492fcd0a1bc40be243e2e702.jpg,640,640,face_real,206,81,408,387
andr_video_7_frame73_jpg.rf.2de63573d3c7dcde00c3cd6c7d39b56a.jpg,640,640,face_spoof,206,111,447,561
new_spoof-33-_jpg.rf.2f537caaec3cfc6ccb3ea9886818db1c.jpg,640,640,face_spoof,272,232,361,344
IMG_20220831_092900_jpg.rf.2f18da28204c595bf80576438c24b841.jpg,640,640,face_spoof,188,251,428,431
fake-213-_png_jpg.rf.2f3fa01b578a4c1c95fc31e50ae358fb.jpg,640,640,face_spoof,135,111,479,552
ios_video_9_frame7_jpg.rf.2fdd4c72f492ef81586f4638d70b23a7.jpg,640,640,face_real,212,184,408,450
faker18_jpg.rf.2fea6f744c8ef564266a1b8aced4ac9d.jpg,640,640,face_spoof,171,279,431,490
real-25-_png_jpg.rf.2ff14f0fbacca0860a6cc8af5c77ced9.jpg,640,640,face_real,157,114,480,553
andr_video_0_frame46_jpg.rf.2ff3adb92ce02b1d937e4b7751388420.jpg,640,640,face_real,214,39,399,375
ios_video_6_frame2_jpg.rf.320f51932f27782f7763838d91baa9d1.jpg,640,640,face_spoof,229,155,407,391
fake-206-_png_jpg.rf.324dcc723887f32d74ba21c17e0d2706.jpg,640,640,face_spoof,139,90,479,553
andr_video_10_frame93_jpg.rf.310cd78807e5b8fffa5073377293b9d5.jpg,640,640,face_spoof,123,38,421,573
andr_video_4_frame24_jpg.rf.3251473520b8050dc39584086b8e7994.jpg,640,640,face_spoof,156,100,386,384
andr_video_13_frame56_jpg.rf.30525cbecef8fcd9ef6b08ed711b4150.jpg,640,640,face_real,202,96,400,406
andr_video_35_frame6_jpg.rf.33157f0be8432633b0e701aa606dbbe6.jpg,640,640,face_spoof,223,173,399,416
IMG_20220826_103523_jpg.rf.33d2d91ce80d5bd1c788728b5153798c.jpg,640,640,face_spoof,152,159,435,456
fake-215-_png_jpg.rf.32a8e077d3d1535a0b38f0bb8598c1e9.jpg,640,640,face_spoof,139,71,475,559
fake-132-_png_jpg.rf.333cbbdc6361eb88ab82bae1bffba546.jpg,640,640,face_spoof,138,87,490,564
partially_fake3_JPG_jpg.rf.345188098dc31b4af3110c4fd1c0b530.jpg,640,640,face_spoof,130,124,461,574
real-44-_png_jpg.rf.3497b061b4e76b864595177953c82506.jpg,640,640,face_real,123,77,505,582
fake-133-_png_jpg.rf.347b5947f181fa17d8b357ff246cdbeb.jpg,640,640,face_spoof,126,107,491,541
fake-113-_png_jpg.rf.34aad6e1ec6e77c7af0f3f1775cfe0c6.jpg,640,640,face_spoof,150,43,513,600
fake_r7_JPG_jpg.rf.34b454b14cfb89557b49b45be347cff3.jpg,640,640,face_spoof,203,213,449,506
print6_JPG_jpg.rf.34de119298be478d90f216d17faea165.jpg,640,640,face_spoof,140,58,489,589
IMG_20220831_092908_jpg.rf.34e837a27bd83642f67fe575c0773f18.jpg,640,640,face_spoof,212,275,436,439
fake-21-_png_jpg.rf.34608a07337f43d8d6f1ef81728a54eb.jpg,640,640,face_spoof,162,68,490,556
fooke13_jpg.rf.351d1d5bef429fcbc227cc5ff38e518f.jpg,640,640,face_spoof,114,261,512,627
IMG_20220826_103529_jpg.rf.354299a775fff228610bd14b24aa76aa.jpg,640,640,face_spoof,176,165,451,472
prostetik_jpg.rf.35e504dc3eadda8e6f669947761587b8.jpg,640,640,face_spoof,155,60,494,525
fake-140-_png_jpg.rf.3628881e02efcde0b3de13b43db89000.jpg,640,640,face_spoof,89,59,464,558
fake-138-_png_jpg.rf.382e997ce2aab4399c8114d954e23e05.jpg,640,640,face_spoof,140,66,494,553
fake-210-_png_jpg.rf.37d23aadc938d13036729a091056c82f.jpg,640,640,face_spoof,142,116,495,559
0-537-_jpg.rf.392caead7a7bc0f5d0591517cda895b5.jpg,640,640,face_spoof,238,104,417,341
fake-125-_png_jpg.rf.3896f89a4e361155038dc4c9c487f021.jpg,640,640,face_spoof,162,66,471,544
real-84-_png_jpg.rf.376ca12ac7cedada87c34a48138ea916.jpg,640,640,face_real,137,113,478,534
fake-36-_png_jpg.rf.3a91efc52b846dacf4047b9cbf98f2e0.jpg,640,640,face_spoof,167,74,486,561
IMG_20220826_103526_jpg.rf.3a9a82aa8dafeb50df1c7ed8e62262e9.jpg,640,640,face_spoof,211,151,420,459
new_spoof-11-_jpg.rf.3b2f3774faae82aa36edb01aff554723.jpg,640,640,face_spoof,168,130,454,515
IMG_20220826_103456_jpg.rf.38d1d601221d1cddc01dfcba289df422.jpg,640,640,face_spoof,201,140,440,479
andr_video_12_frame9_jpg.rf.3abb6260da572f329f53b87f174c57f0.jpg,640,640,face_real,230,120,404,368
full_mask_JPG_jpg.rf.3ae9583b300bfeaa9fb6739740d78160.jpg,640,640,face_spoof,159,121,516,592
fake-100-_png_jpg.rf.3cf1bddd2e7dd22f4bf29772da624c59.jpg,640,640,face_spoof,152,75,475,537
new_spoof-2-_jpg.rf.3db309d75f1c9dea867a966129fffde6.jpg,640,640,face_spoof,198,146,459,471
real-15-_png_jpg.rf.3b2f9014b04d826da79e0fb5d874af28.jpg,640,640,face_real,131,53,493,570
IMG_20220826_103535_jpg.rf.3e857d4eb56691eed7f5b3b506f904b2.jpg,640,640,face_spoof,209,223,463,459
andr_video_11_frame18_jpg.rf.3f34e9a895bcb8eb02da2633201b7259.jpg,640,640,face_real,225,96,410,366
real-66-_png_jpg.rf.3f5ab105aea36a0100e00be0ddc86f41.jpg,640,640,face_real,138,66,477,579
andr_video_55_frame52_jpg.rf.3f65a2aaf5a65fb01a1c86d7c50927fd.jpg,640,640,face_spoof,165,109,368,421
ios_video_98_frame29_jpg.rf.3dc2b6667c5f72a617c4feeeb5e6d26a.jpg,640,640,face_spoof,262,237,405,492
fake-124-_png_jpg.rf.3fb4461e668897a2f5d744566f37b87e.jpg,640,640,face_spoof,157,90,468,555
real-6-_png_jpg.rf.3ffb1393e8f8d79e1fe04d6f5266d3e3.jpg,640,640,face_real,158,95,520,566
real-58-_png_jpg.rf.3feb5cdc5f6705f81b1f71f6014350ac.jpg,640,640,face_real,194,78,522,563
fake-61-_png_jpg.rf.4079e432cee85aef4d0ace92f771f73a.jpg,640,640,face_spoof,166,85,472,527
andr_video_17_frame4_jpg.rf.40030ca8c532dbc5b59900c1a754839f.jpg,640,640,face_real,221,141,412,413
fake-57-_png_jpg.rf.4220fc5b6c390b907e6bede46863fbfe.jpg,640,640,face_spoof,156,77,474,566
andr_video_9_frame23_jpg.rf.40b51859327362bb5f32ff34b9d785fd.jpg,640,640,face_spoof,188,86,415,438
fooke2_jpg.rf.3fd0e7c865cdb52517c44ea35ae3b67e.jpg,640,640,face_spoof,167,161,399,483
new_real-9-_jpg.rf.41ad22f6125c6f656590b18ac4df4d44.jpg,640,640,face_real,192,183,438,501
mannequin4_JPG_jpg.rf.42222c5ee9f83908cc31b812cd9d5726.jpg,640,640,face_spoof,98,79,537,534
real-59-_png_jpg.rf.42347dc4c5c0a1d9fe39fe2867dac399.jpg,640,640,face_real,151,90,483,558
fake-158-_png_jpg.rf.4272803bed47d2a65ed2d2595cab5c9b.jpg,640,640,face_spoof,156,80,494,577
IMG_20220831_092919_jpg.rf.3de0c5de5a66d878cd92d70c18a4c3e6.jpg,640,640,face_spoof,239,274,444,446
real-37-_png_jpg.rf.42607c25146749251ee26199b01ef41d.jpg,640,640,face_real,115,82,497,573
andr_video_7_frame33_jpg.rf.42d8fed9805b5a8b4d87a3b1745d928c.jpg,640,640,face_spoof,188,135,370,398
andr_video_0_frame11_jpg.rf.43d9a04d152fdb7eda0dc1c8a9d8e11a.jpg,640,640,face_spoof,210,151,418,454
new_spoof-56-_jpg.rf.42c238557e19bc46c093c35efe972fa6.jpg,640,640,face_spoof,239,204,407,448
real-25-_png_jpg.rf.4405014a0107a408c3678bbb6813403c.jpg,640,640,face_real,157,114,480,553
fake_r5_JPG_jpg.rf.459ed6b4f3f8a44095b78750d19e53c8.jpg,640,640,face_spoof,169,111,454,512
paper_mask_JPG_jpg.rf.4282dfb4f5b9b91134da9e8ff087a52e.jpg,640,640,face_spoof,150,186,501,596
faker11_jpg.rf.447cffdeb48897feae62e8af2e6595cc.jpg,640,640,face_spoof,148,122,494,487
faker17_jpg.rf.4591cf70455649b8f055a2d6c2cc0938.jpg,640,640,face_spoof,190,187,442,431
ios_video_0_frame0_jpg.rf.45e4afa1baf580e5e5191175204eb5ef.jpg,640,640,face_spoof,222,177,418,442
new_real-5-_jpg.rf.46266a6a651473d09e2a9cfd8da29b9d.jpg,640,640,face_real,203,180,432,496
realistic_bet_JPG_jpg.rf.45e9821c8563449fb36a59c3fd2e13d4.jpg,640,640,face_spoof,153,62,488,590
new_real-45-_jpg.rf.46037373e31b1b48f97fb35adc103f17.jpg,640,640,face_real,206,136,475,552
real-47-_png_jpg.rf.467de0ff0a72d32eb6e3270925da6b41.jpg,640,640,face_real,151,82,529,560
new_real-31-_jpg.rf.472d6afccaf9a05720cb162b8b95a3cc.jpg,640,640,face_real,243,210,434,458
real-75-_png_jpg.rf.462925f9bd15931490a681fcad3dd61b.jpg,640,640,face_real,132,85,500,586
fake-121-_png_jpg.rf.46d44c645a9f62f689973810990cc7d5.jpg,640,640,face_spoof,170,84,489,553
ios_video_0_frame15_jpg.rf.3959bfbba0f0eb9209c583f3132e9137.jpg,640,640,face_spoof,237,233,392,443
partial_fake3_JPG_jpg.rf.498fa587e3725bc34752ae33a8534545.jpg,640,640,face_spoof,180,161,562,561
andr_video_1_frame46_jpg.rf.4aec83cc7c5574f32ca6cfe90b96d35f.jpg,640,640,face_real,216,145,407,412
faker23_jpg.rf.4a9269206acae6f636e52462059a5bce.jpg,640,640,face_spoof,186,186,446,491
transparent_mask4_JPG_jpg.rf.4a827b52e60f3c316615cd45c61503ad.jpg,640,640,face_spoof,154,114,494,601
ios_video_101_frame21_jpg.rf.4a9ea96f8234a031a3ed02985357f5bf.jpg,640,640,face_spoof,252,242,373,438
real-65-_png_jpg.rf.49dacdd257bd6b00e2c5b8cb0e59137f.jpg,640,640,face_real,155,75,501,571
real-49-_png_jpg.rf.4b617339556c7fdb893c3c69aed8e4bd.jpg,640,640,face_real,171,58,511,570
IMG_20220831_092921_jpg.rf.4b2a8ffdb287b904ad2d7540b56d3fad.jpg,640,640,face_spoof,243,282,454,448
faker1_jpg.rf.4b7b8e44c91b5ec042be9532bb4b030b.jpg,640,640,face_spoof,145,228,437,497
ios_video_98_frame20_jpg.rf.4b625a989441d022fc88cf576104a6c2.jpg,640,640,face_spoof,259,239,405,485
0-1090-_jpg.rf.48b3da60ba25ccd2741b03912c564085.jpg,640,640,face_spoof,237,99,360,272
IMG_20220831_092919_1_jpg.rf.4c0056ac9880db6b0941ee2a798ae0d8.jpg,640,640,face_spoof,273,285,388,449
real-16-_png_jpg.rf.4c29b8a2dac75b6e9f03b9d4313601c7.jpg,640,640,face_real,128,57,496,560
replay4_JPG_jpg.rf.4c12a3795e7fb26553fff7201a032e16.jpg,640,640,face_spoof,127,103,514,565
andr_video_16_frame0_jpg.rf.4c53c77f110dddfa7cba06a3d18cf1b7.jpg,640,640,face_spoof,239,98,399,426
andr_video_7_frame4_jpg.rf.4c2851abb0615c00a9be5ffb7b12f05b.jpg,640,640,face_real,226,132,426,374
new_spoof-36-_jpg.rf.49649f639a5f1e6bc5f8baa65d140da5.jpg,640,640,face_spoof,251,197,398,397
real-34-_png_jpg.rf.41c0885843725e6ba7aec76501702998.jpg,640,640,face_real,104,81,480,570
ios_video_20_frame28_jpg.rf.218ff546de6fb99d49a70ce82a28e340.jpg,640,640,face_real,242,208,395,429
fake-167-_png_jpg.rf.0dacd4e7ef8312d77b5eb3e1d3ab90db.jpg,640,640,face_spoof,125,45,498,551
silicone_head4_JPG_jpg.rf.2d012336b3efa5de44139f5b16330639.jpg,640,640,face_spoof,129,96,507,504
faker5_jpg.rf.29b2d8edbdcdf45eae42d1e1d739159f.jpg,640,640,face_spoof,211,197,428,467
partially_fake8_JPG_jpg.rf.3cddd97fc2002c5a25a61635cf9381e7.jpg,640,640,face_spoof,109,114,502,560
new_real-52-_jpg.rf.532a8b73ba962abd221b6b5e5202403e.jpg,640,640,face_real,187,169,472,560
real-86-_png_jpg.rf.4eb348652d0e5bd7e21c6ce00d1799c2.jpg,640,640,face_real,152,72,486,552
andr_video_0_frame0_jpg.rf.535812905abdf4c909b0b0e39354666f.jpg,640,640,face_spoof,208,86,436,416
fake-169-_png_jpg.rf.4db766a9c3443912f3217145e674505d.jpg,640,640,face_spoof,136,66,482,553
0-923-_jpg.rf.4fd658e3206596e3bb696695c637911a.jpg,640,640,face_spoof,207,187,388,355
andr_video_25_frame10_jpg.rf.540b85c5ce941a31762268760b0cb767.jpg,640,640,face_real,238,92,416,355
new_spoof-25-_jpg.rf.4ecdf61061e203a6a868839790c2a99a.jpg,640,640,face_spoof,258,237,386,403
andr_video_1_frame50_jpg.rf.4dcc88a630aa4086f68ec8cb6a0525fb.jpg,640,640,face_spoof,148,241,370,536
IMG_20220831_092906_jpg.rf.4c5dfb667d10f2cd7ed515d259a309d0.jpg,640,640,face_spoof,246,266,386,451
fooke12_jpg.rf.53165c4d6fdfdbb9b6dbc71d9c2ef097.jpg,640,640,face_spoof,155,246,491,558
fooke3_jpg.rf.52c7df0d745a1b17dfedc73fd5c69697.jpg,640,640,face_spoof,190,118,429,457
thick_makeup5_JPG_jpg.rf.52edfe5883f71a87d21b75cffe272f85.jpg,640,640,face_spoof,133,84,501,586
new_spoof-45-_jpg.rf.4c6b96344f0da784ff96532d4d1ad64b.jpg,640,640,face_spoof,267,226,383,384
0-1167-_jpg.rf.53c9d160a829a363ddb30b6354328eea.jpg,640,640,face_real,224,111,416,389
andr_video_2_frame18_jpg.rf.4da6a07ef24df5fcf8b09dcba399ecfa.jpg,640,640,face_spoof,202,13,409,295
fake-137-_png_jpg.rf.4f74cf394a5b7041a4e157eb563ba15c.jpg,640,640,face_spoof,99,42,503,612
fake-153-_png_jpg.rf.4ed970716850ef0ed5e04e0d39639259.jpg,640,640,face_spoof,124,47,504,564
real-12-_png_jpg.rf.53ccab5474b826451acc74801f080d4c.jpg,640,640,face_real,150,103,477,561
andr_video_21_frame11_jpg.rf.5117129e147fc82948e0a974e5b5fd80.jpg,640,640,face_real,240,182,424,415
thereal7_png_jpg.rf.518f5f2866fd79b41ade48a189c14ed6.jpg,640,640,face_real,149,68,487,509
real-76-_png_jpg.rf.4fb39719a0edaea70d1602b4817365aa.jpg,640,640,face_real,165,131,462,532
andr_video_10_frame8_jpg.rf.4e7c63524bf351979e6f129ed8206141.jpg,640,640,face_spoof,227,120,371,285
andr_video_19_frame30_jpg.rf.549ec5e8893df47a1181ae3d6feac781.jpg,640,640,face_real,234,168,425,430
ios_video_14_frame17_jpg.rf.544d74770b05c807d06d24e4bea13463.jpg,640,640,face_real,231,192,426,465
IMG_20220831_092910_jpg.rf.54d9c203e3c33f9ef7fd15ff2cf9fc25.jpg,640,640,face_spoof,220,281,435,447
andr_video_64_frame10_jpg.rf.54828ab0f582bb70b33ad88620e587dd.jpg,640,640,face_spoof,252,153,399,408
mouth_fake3_JPG_jpg.rf.553c185cc0f2afaebf081ad33a61689a.jpg,640,640,face_spoof,118,123,539,626
fake-208-_png_jpg.rf.54e77446efa8736b57f1a41a6fc01acf.jpg,640,640,face_spoof,130,77,509,573
0-899-_jpg.rf.56516aef998a32d950459b7240df5acf.jpg,640,640,face_spoof,160,136,448,493
ios_video_5_frame29_jpg.rf.54576a117204e55e993d2b896637e294.jpg,640,640,face_spoof,233,206,413,449
fake-75-_png_jpg.rf.5653a4b90656e39b95266a3012be90f1.jpg,640,640,face_spoof,164,84,481,544
IMG_20220826_103412_jpg.rf.56fdca11555036a17e04ac35dde3fdea.jpg,640,640,face_spoof,238,223,442,501
thereal4_png_jpg.rf.575bdda1b0abc94b5788ce003a62e16f.jpg,640,640,face_real,174,148,436,489
fake-148-_png_jpg.rf.5690101f2d56b78bbc34d4b555f1afc4.jpg,640,640,face_spoof,92,65,469,551
fooke16_jpg.rf.570c00828c7a5ec447e027cda61e48b2.jpg,640,640,face_spoof,158,178,474,523
fake-1-_png_jpg.rf.579b85e09fcc7a8c6745902fd906ce57.jpg,640,640,face_spoof,168,78,480,538
andr_video_10_frame15_jpg.rf.582183fb91e3e8c14f1293552ba50304.jpg,640,640,face_real,226,121,409,388
andr_video_18_frame47_jpg.rf.585643752fa2a5b3a900898b8e12dda4.jpg,640,640,face_real,218,129,399,400
fooke17_jpg.rf.5762378e0992e480500a0d7382e69630.jpg,640,640,face_spoof,174,182,439,485
IMG_20220826_103529_jpg.rf.594e29bf097cdf04f161264e02aca177.jpg,640,640,face_spoof,212,165,418,472
1-395-_jpg.rf.595e47d8beb9bc800f19d6f33da9dcc0.jpg,640,640,face_real,200,169,448,533
mannequin8_JPG_jpg.rf.59e646c862054e6a688a3e86ff31e4f5.jpg,640,640,face_spoof,127,74,480,569
IMG_20220831_092921_jpg.rf.58573e76f7f127adf5f23d04d266c90e.jpg,640,640,face_spoof,277,282,396,448
fake-48-_png_jpg.rf.5aaa75a37a873afa0e726913b90e4c2a.jpg,640,640,face_spoof,169,79,475,527
andr_video_52_frame9_jpg.rf.5afeb70efb6c3c56600f4ad564a28b82.jpg,640,640,face_spoof,212,158,385,409
thereal22_jpg.rf.5bda8042e361a36341499c9aa9d096f8.jpg,640,640,face_real,141,229,466,563
fake-129-_png_jpg.rf.5d64fed7214e7ba56fd1217bf172b3ae.jpg,640,640,face_spoof,143,74,482,548
andr_video_10_frame33_jpg.rf.5d6d20e4e43362fbfe6e2aa015948ecb.jpg,640,640,face_spoof,185,70,451,425
partial_fake8_JPG_jpg.rf.5dfa9da9be176005be322e685e1a8ae4.jpg,640,640,face_spoof,124,62,512,577
fooke3_jpg.rf.5d85858d942c480dc5fd6a86b85ae712.jpg,640,640,face_spoof,138,118,473,457
ios_video_1_frame25_jpg.rf.5de4e5850175deea2ab8e8217fa2f0ba.jpg,640,640,face_spoof,224,215,420,503
andr_video_1_frame44_jpg.rf.5f6fb9318de06c15fe07ab6856f2d9fa.jpg,640,640,face_spoof,199,189,447,607
IMG_20220831_092911_jpg.rf.5f6d87c2f1d2f4046843ca7ed8d04031.jpg,640,640,face_spoof,267,277,385,442
faker11_jpg.rf.5eed18b834974f641110cec7bf3cea55.jpg,640,640,face_spoof,178,122,465,487
ios_video_96_frame4_jpg.rf.5f078232078c1f7c0cb5ef487f6c5d2f.jpg,640,640,face_spoof,257,246,393,437
real-26-_png_jpg.rf.5f9eca738585b87676f804fdcfe2c179.jpg,640,640,face_real,172,119,474,568
fake-4-_png_jpg.rf.5f750e3be09b38bee8f297386aa0a361.jpg,640,640,face_spoof,168,83,478,546
fooke7_jpg.rf.5fd55b340bc1c80227dcc6eac629c495.jpg,640,640,face_spoof,162,133,515,560
new_spoof-3-_jpg.rf.614d2286df7b67223570f5c932b8a114.jpg,640,640,face_spoof,219,121,449,425
faker13_jpg.rf.617f4ed618f64bec43e0b20276bcedb4.jpg,640,640,face_spoof,222,167,458,491
new_real-28-_jpg.rf.6114909d8b39dc38226eafa79867e395.jpg,640,640,face_real,233,210,453,488
new_spoof-17-_jpg.rf.61ba2895970e2d4b77ec5fba177f4e34.jpg,640,640,face_spoof,248,238,372,391
thereal4_png_jpg.rf.61554cecf468e09d7f6e16682624cbd9.jpg,640,640,face_real,158,148,450,489
ios_video_2_frame27_jpg.rf.62c048a739e87b782ea6632c838028ff.jpg,640,640,face_real,220,200,416,460
andr_video_14_frame16_jpg.rf.62e212b78dd06f950717598bc90fb64b.jpg,640,640,face_real,237,135,421,369
fake3_JPG_jpg.rf.626c375cbae200dcb5592f97a628c04c.jpg,640,640,face_spoof,173,167,384,433
new_spoof-12-_jpg.rf.65dc7bc4db604b249695fbf8dd1b75a1.jpg,640,640,face_spoof,227,207,389,429
thereal15_jpg.rf.6640be6d5b65bc722a0876044deb86bc.jpg,640,640,face_real,154,270,455,628
fake-66-_png_jpg.rf.621a18868979c0baf7aaf7188971d071.jpg,640,640,face_spoof,117,63,471,566
IMG_20220826_103430_jpg.rf.62faf1ddff8650cca6306cd58ff91e77.jpg,640,640,face_spoof,210,125,507,477
andr_video_21_frame52_jpg.rf.64ed3734245cb6bcc683cd40a50484b2.jpg,640,640,face_real,207,123,402,439
IMG_20220826_103426_jpg.rf.4f984d983889308f9a0e3e0c926c34cc.jpg,640,640,face_spoof,206,169,474,468
fake-70-_png_jpg.rf.6750783a5a3811f7cbf5868613779cc9.jpg,640,640,face_spoof,200,69,523,584
IMG_20220831_092909_jpg.rf.675d568df4b124f92e4a33b86fe46188.jpg,640,640,face_spoof,206,271,453,457
IMG_20220826_103426_jpg.rf.67e980d179d23610cd051051b7787f79.jpg,640,640,face_spoof,235,169,436,468
new_spoof-1-_jpg.rf.684f791c8f9fe9d3fe532d741af48a49.jpg,640,640,face_spoof,203,141,436,429
fooke20_jpg.rf.683fbf338abbc215fe47f5fabf6c51ef.jpg,640,640,face_spoof,176,145,456,497
real-19-_png_jpg.rf.682611cdff8b287b4408bf4ac34d05e1.jpg,640,640,face_real,161,51,480,563
andr_video_5_frame40_jpg.rf.6a0facaec7af7a57660ba19fcb66486e.jpg,640,640,face_spoof,99,41,454,554
fake-17-_png_jpg.rf.6954af9f521b6061422c025f6e75eb94.jpg,640,640,face_spoof,153,57,506,562
andr_video_69_frame70_jpg.rf.6a2ec07e17576b9d774d3dc7cab03f33.jpg,640,640,face_spoof,247,277,377,518
fooke19_jpg.rf.674ca322d07c2f750c89a20901ecb671.jpg,640,640,face_spoof,139,160,495,460
real-93-_png_jpg.rf.68855c070646e7108d24777b59965197.jpg,640,640,face_real,164,68,480,560
fake-183-_png_jpg.rf.6aef9baa52e1b82c49277f6272b24f73.jpg,640,640,face_spoof,128,91,490,544
partial_fake5_JPG_jpg.rf.6ab60b0822bf7c5c4b43f631b24a909a.jpg,640,640,face_spoof,147,97,514,573
new_spoof-4-_jpg.rf.68601a2d7dc381faa51ca52a37d0d53b.jpg,640,640,face_spoof,238,116,552,538
fake-16-_png_jpg.rf.6afdf99f49e9f5a928f3ae3ed10937f4.jpg,640,640,face_spoof,157,68,489,551
IMG_20220826_103417_jpg.rf.6a3f217ce682f1a222e4d800eef90c10.jpg,640,640,face_spoof,222,208,440,496
paper_mask8_JPG_jpg.rf.6bc76d782c7769126180e2d7604174b3.jpg,640,640,face_spoof,136,224,479,558
fake-182-_png_jpg.rf.6b9aa38f955d78e0f870e363daa8d10e.jpg,640,640,face_spoof,127,86,484,539
new_spoof-39-_jpg.rf.6bd5cae6f599e6c884d91c631693340d.jpg,640,640,face_spoof,271,247,375,370
fake-145-_png_jpg.rf.6b831e9c636517060a0708fadb68a29b.jpg,640,640,face_spoof,99,61,513,606
andr_video_7_frame37_jpg.rf.6beaa6411e73df679c9989ecc7a68a7f.jpg,640,640,face_real,224,110,410,393
fake-7-_png_jpg.rf.6c18e94e7dc1f9a9dc19e89a3077ba75.jpg,640,640,face_spoof,164,61,491,568
IMG_20220826_103453_jpg.rf.6c174365fdab812228c416e1a7544d41.jpg,640,640,face_spoof,156,149,484,496
IMG_20220826_103424_jpg.rf.6c69ce6b4b82ee86e52d35c647f30111.jpg,640,640,face_spoof,199,176,435,480
fake-84-_png_jpg.rf.6cb4e6c14c9acc00385f5e4361a2232c.jpg,640,640,face_spoof,160,64,482,567
andr_video_4_frame19_jpg.rf.6c7ca1710b963fd04da001b6ee5b8431.jpg,640,640,face_spoof,129,90,411,563
andr_video_7_frame34_jpg.rf.6c9be12a204e2afd58aae621b91c3871.jpg,640,640,face_real,232,123,419,373
partially_fake5_JPG_jpg.rf.6f609fce9f88744df66afa0e3c8c9387.jpg,640,640,face_spoof,122,112,503,558
thereal22_jpg.rf.6fe966a7966f3101d6a5120224a81b00.jpg,640,640,face_real,160,229,451,563
real-48-_png_jpg.rf.6f96a908733bed6a8f6cdd85fadf9193.jpg,640,640,face_real,157,72,513,542
new_real-43-_jpg.rf.6f5a0f3a85e49a21e0af983f30c408ce.jpg,640,640,face_real,238,139,444,459
fake-81-_png_jpg.rf.6f19ec92eff9e53258e7f0a7f96749ab.jpg,640,640,face_spoof,159,62,485,551
real-36-_png_jpg.rf.70178cc1c6075f7a76287fb3d95c65be.jpg,640,640,face_real,126,77,487,568
paper_mask6_JPG_jpg.rf.70851e96e5cf44098c7332cdcac100ca.jpg,640,640,face_spoof,135,164,496,610
fooke14_jpg.rf.71c0b716dde864ddb5449947a104d7df.jpg,640,640,face_spoof,96,196,531,537
new_spoof-48-_jpg.rf.70a22fe6b41472f9b625c29d70b0366f.jpg,640,640,face_spoof,241,212,377,407
fooke8_jpg.rf.7242c70558c01dac5d7c881ed1e2b91b.jpg,640,640,face_spoof,191,152,448,483
fake_r_JPG_jpg.rf.7227ee3e2cf45c9405aae6144354ce37.jpg,640,640,face_spoof,181,135,462,488
fake-119-_png_jpg.rf.73a62aa93cc9e81a3c1a521577f7fade.jpg,640,640,face_spoof,117,35,495,571
fake-54-_png_jpg.rf.74b4b81010b367d73992ffec4df04e9b.jpg,640,640,face_spoof,165,82,474,551
fake-27-_png_jpg.rf.74fba94bf7681dfc80d53bdcc91daa5e.jpg,640,640,face_spoof,161,70,482,557
fake-115-_png_jpg.rf.7473052a1d89c43446fe3d95c266a9dc.jpg,640,640,face_spoof,203,43,518,549
0-922-_jpg.rf.747ba06cc2a05439ef9ad6487a26050d.jpg,640,640,face_real,172,100,450,450
realgak_JPG_jpg.rf.756120ed71bb04f9c7a66df4cdb92c27.jpg,640,640,face_spoof,102,33,515,635
andr_video_88_frame43_jpg.rf.7589165707c945343cea06bacbee06be.jpg,640,640,face_spoof,233,155,406,391
fake-135-_png_jpg.rf.76f5ebcd2e8933c0a156841c1adaecda.jpg,640,640,face_spoof,142,49,464,556
new_real-39-_jpg.rf.766a0b50e8ef988317b5d58fdb9e560b.jpg,640,640,face_real,237,177,425,482
thereal12_jpg.rf.76716103cb0914175582e92fe9dca975.jpg,640,640,face_real,159,308,466,560
fake-5-_png_jpg.rf.77f8bbedcbae2c241666933cf9448305.jpg,640,640,face_spoof,166,85,493,556
fake-62-_png_jpg.rf.785701935c9073bd97e92bb628d3db3c.jpg,640,640,face_spoof,166,86,465,532
silicone_head2_JPG_jpg.rf.77a7202935ee0827651eef32b8117d04.jpg,640,640,face_spoof,146,77,516,490
mouth_fake_JPG_jpg.rf.7854b0772459acb06d1a58b9a960fa03.jpg,640,640,face_spoof,129,163,512,586
andr_video_14_frame76_jpg.rf.786246b9957da3ab30639873ea6ddc48.jpg,640,640,face_real,204,54,399,380
real-82-_png_jpg.rf.785d1a9b0a11e8873468b204896bd054.jpg,640,640,face_real,174,107,488,540
real-60-_png_jpg.rf.76fa157c65b703a729d1ae37cbcecb24.jpg,640,640,face_real,168,94,467,538
fake-154-_png_jpg.rf.72e7c020949b9c493911fc40082c8567.jpg,640,640,face_spoof,142,33,499,576
faker1_jpg.rf.787ffb3860e47ad81e864ad53bb9624a.jpg,640,640,face_spoof,177,228,416,497
ios_video_79_frame19_jpg.rf.7901a696025aad526ca7bdc0f8a4415a.jpg,640,640,face_spoof,267,191,400,374
new_real-13-_jpg.rf.79364ddb8c9e025eed5915c2918bd05a.jpg,640,640,face_real,243,231,413,429
new_spoof-20-_jpg.rf.795d71ff10cfeb1aafcc44c0adc2cf9f.jpg,640,640,face_spoof,251,187,398,395
real-35-_png_jpg.rf.7a01cc39da3ee441ba509048f2490f6a.jpg,640,640,face_real,84,81,462,560
new_real-35-_jpg.rf.7a47e6288659c513cb27aeb488320075.jpg,640,640,face_real,223,166,387,403
ios_video_53_frame19_jpg.rf.78837dea14743f5ce621c0f4170ac31d.jpg,640,640,face_spoof,247,212,398,435
mannequin6_JPG_jpg.rf.7a043470a6ea245c3f1db9945404fd63.jpg,640,640,face_spoof,110,155,499,575
real-91-_png_jpg.rf.7b19952c5b264b02a340740442a0cad2.jpg,640,640,face_real,164,75,477,559
andr_video_33_frame33_jpg.rf.7a4bf297f4600d5775ae4a423137e2d5.jpg,640,640,face_spoof,210,154,413,479
new_spoof-21-_jpg.rf.7b461da3d76c3309e9e69e2b2820c6f6.jpg,640,640,face_spoof,238,196,404,423
new_real-18-_jpg.rf.7ab5c72477cbbd3052b642d103e6d5da.jpg,640,640,face_real,273,290,431,516
thereal2_png_jpg.rf.7c70b68f74effe95914d7cbea9f8673e.jpg,640,640,face_real,147,205,503,507
andr_video_2_frame107_jpg.rf.7c47e04010703308389ef79bc475c3ec.jpg,640,640,face_real,203,122,386,424
fake-78-_png_jpg.rf.7badf2c62cac4b130d9df31a33b3e625.jpg,640,640,face_spoof,158,66,475,534
IMG_20220826_103453_jpg.rf.7d93b9bea991929b4ce39f116dcdb16f.jpg,640,640,face_spoof,197,149,443,496
fake-171-_png_jpg.rf.7d7097393fa9df9fb947dfe9ad0ca0f7.jpg,640,640,face_spoof,119,78,513,583
fake-203-_png_jpg.rf.7dd7ae3b701f96af558c255d8da50c1c.jpg,640,640,face_spoof,129,54,489,552
new_real-36-_jpg.rf.7ea5229f1ee6f21e35604879ed6d8d46.jpg,640,640,face_real,215,200,410,480
new_real-7-_jpg.rf.7e648a76b6607f4427e6a3134eae7cee.jpg,640,640,face_real,196,169,428,524
andr_video_7_frame14_jpg.rf.7cc5c0d0ffc0d780a268237e08135bb7.jpg,640,640,face_spoof,176,92,376,359
andr_video_81_frame4_jpg.rf.7ec564a1328a0a52e27397b529e9b0f2.jpg,640,640,face_spoof,193,158,366,391
new_real-20-_jpg.rf.801a756c5e2d7e3cb159dd554d86f6a7.jpg,640,640,face_real,268,274,388,425
faker2_jpg.rf.7e44885ab91dcb408f237643b3f59882.jpg,640,640,face_spoof,122,177,509,542
silicone_head5_JPG_jpg.rf.7fa3ce29df5a5e5bddbb08c8dc1c1a1b.jpg,640,640,face_spoof,151,60,515,546
fake-26-_png_jpg.rf.7f594c09e5eebc95a47182cf525596f2.jpg,640,640,face_spoof,162,84,496,563
andr_video_8_frame2_jpg.rf.80566fd911e9e4248b0fcd2abbc1db5e.jpg,640,640,face_spoof,213,115,420,422
new_real-46-_jpg.rf.8102ff7934b0607ecf68034c6ec28b18.jpg,640,640,face_real,198,152,460,550
fake-33-_png_jpg.rf.8148a77fae10c04e705f970fc65eef50.jpg,640,640,face_spoof,174,89,487,558
IMG_20220831_092854_jpg.rf.8254f64223787e7a5628bbf1e81e37fb.jpg,640,640,face_spoof,196,221,332,407
0-66-_png_jpg.rf.8343015f7b5abd3f9ad26fa53009d25e.jpg,640,640,face_spoof,224,203,428,461
IMG_20220831_092900_jpg.rf.813d7f8ee02902e6b8b756de64253797.jpg,640,640,face_spoof,246,251,381,431
andr_video_5_frame2_jpg.rf.834a6c5d76a9bc8a4e2b0ff6a3f19f24.jpg,640,640,face_spoof,237,174,442,439
fake-108-_png_jpg.rf.82572e48f7b3ab7dc8f39c2e463d901a.jpg,640,640,face_spoof,149,106,488,560
fake-159-_png_jpg.rf.83cf91738a1a25088d0d56b392a840c2.jpg,640,640,face_spoof,161,77,496,562
thereal14_jpg.rf.847bec9ab6d5e6bbaca0a320c48c689a.jpg,640,640,face_real,163,270,458,556
real-46-_png_jpg.rf.847e7354830fcbbb1adda548e214dde9.jpg,640,640,face_real,174,85,502,491
new_real-32-_jpg.rf.8547545a2db4d784bec69c14b1914685.jpg,640,640,face_real,170,217,400,483
andr_video_13_frame10_jpg.rf.86072251e4e6ccd1d0e2514a6dce6e4a.jpg,640,640,face_real,226,133,400,363
andr_video_12_frame29_jpg.rf.85327cdda49d251fd5026df56a407ca4.jpg,640,640,face_spoof,207,93,447,440
andr_video_91_frame31_jpg.rf.84c9eedb023475a53860d3dbdbffee78.jpg,640,640,face_spoof,220,156,407,426
real-41-_png_jpg.rf.86d3ee02f2f6e479d5969e1aaef9f8d0.jpg,640,640,face_real,127,92,478,562
faketingkat-tinggi_JPG_jpg.rf.86717db7e6b1e7a3900d1214a7ac2012.jpg,640,640,face_spoof,128,80,491,591
real-87-_png_jpg.rf.836ddcdc7f2c92b08d94815d94775c91.jpg,640,640,face_real,156,93,486,531
andr_video_40_frame4_jpg.rf.874bae5f0eb0ca963b923f5b45a08ba1.jpg,640,640,face_spoof,238,159,416,415
faker12_jpg.rf.8809e403baf9891021ed61678b9822dd.jpg,640,640,face_spoof,202,126,461,471
fake-185-_png_jpg.rf.882aa075af4e706836a96fb628471a60.jpg,640,640,face_spoof,141,66,481,551
ios_video_3_frame7_jpg.rf.877ffd49a91f65140eafaadfe3276aae.jpg,640,640,face_real,222,195,418,453
thick_makeup6_JPG_jpg.rf.86c8b1d310d4fb5859d25e0aaa02787a.jpg,640,640,face_spoof,138,40,507,593
andr_video_4_frame56_jpg.rf.88a1defe8056645c2e6e01f5b7ec0968.jpg,640,640,face_spoof,245,213,446,486
fake-41-_png_jpg.rf.8969c1094a68a9f706009a5ad47d935c.jpg,640,640,face_spoof,166,75,477,549
real-68-_png_jpg.rf.8a92452812a2a71f5375a327848c2a1e.jpg,640,640,face_real,113,63,489,589
new_spoof-26-_jpg.rf.8ae74f03d746b6045332335c341036bf.jpg,640,640,face_spoof,238,214,366,406
fake-86-_png_jpg.rf.899048c897061810bee16721353958c8.jpg,640,640,face_spoof,137,62,467,560
thereal8_png_jpg.rf.8bd3431685128cc45a436c55c1518030.jpg,640,640,face_real,204,228,443,545
fake-8-_png_jpg.rf.8c6094bb5a9d60b548102d0437afe0cd.jpg,640,640,face_spoof,153,57,474,555
real-4-_png_jpg.rf.8cbce51937a21865d71065add398583d.jpg,640,640,face_real,162,90,523,560
real-33-_png_jpg.rf.8d420e3be25069f380fbee42215dc21b.jpg,640,640,face_real,137,97,503,541
real-30-_png_jpg.rf.8cbfaf3e556836d8f0731e25f7508e63.jpg,640,640,face_real,131,36,544,589
ios_video_95_frame23_jpg.rf.887e5daf0bfe08a70c8915a4ac48954d.jpg,640,640,face_spoof,243,224,393,425
andr_video_88_frame54_jpg.rf.8d95a6364cdfeb23136ce8f138fd4229.jpg,640,640,face_spoof,203,185,395,472
andr_video_39_frame27_jpg.rf.8cc8aa6f23fcc73af42f88af8b8902a6.jpg,640,640,face_spoof,228,134,428,410
faker8_jpg.rf.8da0d431b21b7b18bfb14d1686cc4120.jpg,640,640,face_spoof,181,180,418,472
real-24-_png_jpg.rf.8eabfeef7a09f8a1dc42baf71d5e0ae8.jpg,640,640,face_real,164,100,476,542
andr_video_13_frame33_jpg.rf.8e8b654d346ccd5134d44de2f3c423a2.jpg,640,640,face_spoof,189,143,417,486
fooke1_jpg.rf.8eb625a3af71b3dcf0d5ced2964b4c69.jpg,640,640,face_spoof,204,142,469,454
faker15_jpg.rf.8e27bddda60cc6a6c90bbbfc8f9ba6d7.jpg,640,640,face_spoof,164,143,453,514
faker19_jpg.rf.8f2c93c647acc79ac970e4f5a22b16e5.jpg,640,640,face_spoof,188,213,425,447
fake-120-_png_jpg.rf.8f4deddde4e34f5042af6da56a9b1bfb.jpg,640,640,face_spoof,95,31,516,619
fake-173-_png_jpg.rf.8fd0a89c342de2a873059229fd03e6e1.jpg,640,640,face_spoof,139,47,516,563
replay6_JPG_jpg.rf.915632d4767dc5ef661ea9e18a2f9414.jpg,640,640,face_spoof,145,124,532,560
ios_video_92_frame14_jpg.rf.8f85dc76b5bc575f7ce2df355675a2a7.jpg,640,640,face_spoof,255,217,403,445
fake-205-_png_jpg.rf.8fb19c9d4bdf92c3d8dd22bf7a89f825.jpg,640,640,face_spoof,137,84,487,538
paper_mask2_JPG_jpg.rf.91d1e2a581221bff1471818e06f242db.jpg,640,640,face_spoof,130,161,499,588
faker4_jpg.rf.93a1fbcda8e563ca6f633461591a4530.jpg,640,640,face_spoof,175,233,427,508
fake-55-_png_jpg.rf.93f0b00801f86168b860ba3fe8fdee18.jpg,640,640,face_spoof,162,67,492,559
fake-166-_png_jpg.rf.942f455aad181145c60f79d0c1d18cea.jpg,640,640,face_spoof,122,68,505,573
fake-22-_png_jpg.rf.93a79abb31a10823926cecc8d0d30840.jpg,640,640,face_spoof,177,77,468,551
andr_video_16_frame22_jpg.rf.946b7a883f0202ad8a7ae7faff9db616.jpg,640,640,face_real,217,131,407,388
andr_video_9_frame12_jpg.rf.94b6800272d0bd798ea6f89ec7fe55e6.jpg,640,640,face_spoof,207,114,430,385
new_spoof-31-_jpg.rf.94901b5d2a4e7a174ae0a48ca4227bb6.jpg,640,640,face_spoof,239,226,405,446
andr_video_15_frame12_jpg.rf.93ccd353ca175375f175f94e537b8831.jpg,640,640,face_real,215,117,413,378
andr_video_22_frame30_jpg.rf.955061605dd2f75348197185a08f49d8.jpg,640,640,face_spoof,234,142,390,411
silicone_head3_JPG_jpg.rf.9341ab1def927f3f2a714aef8146ec6f.jpg,640,640,face_spoof,159,85,508,557
partial_fake_JPG_jpg.rf.9622f3b20b216442583c76df139afd6a.jpg,640,640,face_spoof,140,98,495,595
partially_fake2_JPG_jpg.rf.95e746e2af1f9ca390b4d1ecc02f1a17.jpg,640,640,face_spoof,149,125,532,557
IMG_20220831_092910_jpg.rf.957c05952260f08b2384c4b804de22e0.jpg,640,640,face_spoof,264,281,385,447
fake-190-_png_jpg.rf.9641dc43552805b05dd232f3a4adfe76.jpg,640,640,face_spoof,158,79,497,540
1-349-_jpg.rf.9648eb431a2fac2a0c1df23a83d44815.jpg,640,640,face_real,164,107,462,480
ios_video_17_frame22_jpg.rf.9676bcc4098f6a34c791df568e8a4679.jpg,640,640,face_real,238,212,398,437
fooke19_jpg.rf.97d580563d17c78ee78eb8d6c5061795.jpg,640,640,face_spoof,190,160,446,460
fake-122-_png_jpg.rf.9646d33c3b8ecffe346ac8e31b9df19f.jpg,640,640,face_spoof,174,86,513,558
fake-83-_png_jpg.rf.976611d3e4bb8a678fecebe3df776a1d.jpg,640,640,face_spoof,149,73,500,562
new_real-23-_jpg.rf.973a46caf37f83acfb47ddb7164e135a.jpg,640,640,face_real,216,233,434,483
fake-106-_png_jpg.rf.8a3b9f4048ec1bc456bcb582f594a22b.jpg,640,640,face_spoof,147,108,485,551
andr_video_7_frame18_jpg.rf.9590c5d97598d30a332aedd25341b858.jpg,640,640,face_spoof,173,88,376,366
partially_fake7_JPG_jpg.rf.9899d808e358d095af027d00b3c8e7f9.jpg,640,640,face_spoof,128,130,504,547
ios_video_0_frame16_jpg.rf.96ac26ef60a314be271949717803c635.jpg,640,640,face_spoof,212,149,433,447
thereal11_jpg.rf.98474fcaa5e2b74b01584563d0c1569f.jpg,640,640,face_real,178,249,466,513
andr_video_16_frame15_jpg.rf.99187544fc033aeab856a64798830a09.jpg,640,640,face_real,213,133,411,381
new_real-24-_jpg.rf.99637406f1d4ee77075ba910c5c3cee7.jpg,640,640,face_real,231,204,426,452
makeup_JPG_jpg.rf.98e4a774fb3bc0c48ade636b124a88a5.jpg,640,640,face_spoof,128,51,533,592
mouth_fake7_JPG_jpg.rf.993406269ac5d3f014a118394e7ec000.jpg,640,640,face_spoof,113,207,447,555
fake-151-_png_jpg.rf.99940a6543b7a7cf69375df524bceda2.jpg,640,640,face_spoof,136,92,480,563
andr_video_51_frame13_jpg.rf.99fc31825f9a87986201b0ba7c72c610.jpg,640,640,face_spoof,207,146,392,416
fake-152-_png_jpg.rf.999a75137d36d6aed290207e6d25f030.jpg,640,640,face_spoof,119,48,496,588
andr_video_3_frame60_jpg.rf.9a58dd62a8abbd8bafa80e6658472b5c.jpg,640,640,face_spoof,107,52,402,505
fooke21_jpg.rf.9bb3efbad80fc785fd033d72ca14fbe2.jpg,640,640,face_spoof,238,163,459,465
mouth_fake4_JPG_jpg.rf.9bd3ff75a7861a7fcb798d29c8d18b6c.jpg,640,640,face_spoof,150,164,507,552
IMG_20220826_103458_jpg.rf.9a64b5877bf14b50695bcfc14d5ef31c.jpg,640,640,face_spoof,172,143,484,477
fake-181-_png_jpg.rf.9be257931a838e4870a5aa31f94a90a2.jpg,640,640,face_spoof,115,110,467,556
real-71-_png_jpg.rf.98b122f4a05beee90895ecd06eeb417d.jpg,640,640,face_real,99,61,484,585
fake-9-_png_jpg.rf.8f1e917512f91bc234ccf90be9979cad.jpg,640,640,face_spoof,155,77,480,550
new_spoof-14-_jpg.rf.891505cc7aaa68aa0f970efaea4c1b3b.jpg,640,640,face_spoof,265,243,389,411
realistic_3_JPG_jpg.rf.4e24e8034bca9c30723b2fc23626148b.jpg,640,640,face_spoof,42,236,141,378
realistic_3_JPG_jpg.rf.4e24e8034bca9c30723b2fc23626148b.jpg,640,640,face_spoof,268,241,363,383
realistic_3_JPG_jpg.rf.4e24e8034bca9c30723b2fc23626148b.jpg,640,640,face_spoof,478,252,564,373
real-53-_png_jpg.rf.87bbed0b94ba6399bd9c704f81580f90.jpg,640,640,face_real,152,64,518,560
faker21_jpg.rf.9a0bff13003d8af0a52e9cd817d8923f.jpg,640,640,face_spoof,163,230,464,568
real-22-_png_jpg.rf.991666a394ca795df2ad082fac3f1699.jpg,640,640,face_real,160,89,502,568
real-90-_png_jpg.rf.83bfefdd7bee3529783e8d2995c2ae66.jpg,640,640,face_real,163,63,482,548
fooke9_jpg.rf.7c9c0ff33cf94210a18414920f5efd7b.jpg,640,640,face_spoof,131,138,528,586
fake-157-_png_jpg.rf.922ea492808272f669be976c4a3aed4e.jpg,640,640,face_spoof,168,84,484,566
IMG_20220826_103412_jpg.rf.8f4c9d74e8fc9fc4c16e6e371b097081.jpg,640,640,face_spoof,211,223,483,501
IMG_20220826_103414_jpg.rf.f191956977904f765923e9fbb8c00127.jpg,640,640,face_spoof,210,207,499,515
andr_video_0_frame0_jpg.rf.f6f24830ad77c3f3cae4d40f83f5bf98.jpg,640,640,face_real,192,105,439,479
transparent_mask_JPG_jpg.rf.f02f3adbb7743d83ff0b432047269a0f.jpg,640,640,face_spoof,117,75,505,573
andr_video_6_frame83_jpg.rf.f1fc2709f09044cab1134777adf7cfc8.jpg,640,640,face_real,216,111,419,395
full_mask4_JPG_jpg.rf.f0690430981e53b46c8c31f2296eabbe.jpg,640,640,face_spoof,137,120,502,603
new_real-15-_jpg.rf.f42ee18aa23bcf2657235ea0278a3b28.jpg,640,640,face_real,237,240,405,465
andr_video_41_frame25_jpg.rf.efee4e03f94eabfae0f8bd429f52904b.jpg,640,640,face_spoof,240,147,420,440
ios_video_49_frame24_jpg.rf.f169faef213f30a8f849f6745d683ff4.jpg,640,640,face_spoof,237,209,392,427
realistic_silicon3_JPG_jpg.rf.f3d1c5bac9e183956fd0cd558e73d603.jpg,640,640,face_spoof,180,83,471,458
fake-51-_png_jpg.rf.f584a7ff1dec25c31c5d8948524fd6cf.jpg,640,640,face_spoof,168,83,476,541
fake5_JPG_jpg.rf.f5a75120bb74822e0f2eb86b5e1d6152.jpg,640,640,face_spoof,177,171,415,490
new_spoof-13-_jpg.rf.f2961ed3f1079c2d6e70187125882838.jpg,640,640,face_spoof,247,210,367,379
real-9-_png_jpg.rf.f6e66538f149ded08fa52daaad91b188.jpg,640,640,face_real,165,85,516,566
andr_video_11_frame69_jpg.rf.f6e36c93688818db615c23b0051e868e.jpg,640,640,face_real,200,80,394,394
real-11-_png_jpg.rf.f3ed312d9b33044046a1947eb0eb8fa2.jpg,640,640,face_real,141,89,496,567
fake-202-_png_jpg.rf.f53b289c56f80f4b14663c6f776b38e2.jpg,640,640,face_spoof,126,96,486,544
andr_video_65_frame42_jpg.rf.f47b091a8afc30861026cc7bdc4de6b2.jpg,640,640,face_spoof,253,128,414,392
real-85-_png_jpg.rf.efcad6be94572753e790142a5faa6da1.jpg,640,640,face_real,124,119,475,546
fake-37-_png_jpg.rf.f113a7d6f81f62d6c84dd6763ddf9408.jpg,640,640,face_spoof,159,79,489,557
faker24_jpg.rf.f157086ecd5ec69c620cb8f3cfb5764a.jpg,640,640,face_spoof,187,252,440,503
ios_video_89_frame14_jpg.rf.f727402a8933866187ddac7cda70315d.jpg,640,640,face_spoof,251,219,404,450
thereal16_jpg.rf.f7a10368ee2bbfa58f2a58dcec362ef9.jpg,640,640,face_real,138,223,476,539
transparent_mask2_JPG_jpg.rf.f4606bab7a0cf3836df959898752d724.jpg,640,640,face_spoof,132,133,501,618
andr_video_7_frame21_jpg.rf.f837344f8d934690795290512ee97c08.jpg,640,640,face_spoof,201,169,401,447
realistic_doll_JPG_jpg.rf.fa4b23baa2647208b89a1127b59e626c.jpg,640,640,face_spoof,108,41,528,602
andr_video_5_frame10_jpg.rf.f96ed14f9341d98b4482f5adecd78a5b.jpg,640,640,face_real,219,161,407,398
ios_video_88_frame24_jpg.rf.f46e3a9f59e42eed73d37504bde8c3cd.jpg,640,640,face_spoof,238,212,399,438
replay7_JPG_jpg.rf.f6d92dde957e6efb46040bba77d10f97.jpg,640,640,face_spoof,134,132,550,590
fake-195-_png_jpg.rf.fa983ba2b4c4d52cb8cabaa41167a30c.jpg,640,640,face_spoof,149,77,507,531
andr_video_4_frame14_jpg.rf.faae64e93761a8a1ff442f2ae4f458b9.jpg,640,640,face_spoof,214,125,412,420
new_real-56-_jpg.rf.fad203f0e369c2b4fd786ceeb3763d89.jpg,640,640,face_real,159,136,411,522
andr_video_22_frame62_jpg.rf.fb2fd30a9d5c9379135017b278ac15e2.jpg,640,640,face_real,214,112,409,422
thereal24_jpg.rf.fc561e22a6f59d0f65884c3c77fb2197.jpg,640,640,face_real,155,174,483,498
1-103-_jpg.rf.fb9ea3b4edbda693d512f19a7573428d.jpg,640,640,face_spoof,134,129,366,388
new_real-49-_jpg.rf.fc4a5d97d83e01a442d3712f8f087ea1.jpg,640,640,face_real,174,112,426,435
new_spoof-40-_jpg.rf.fc81f5d402d7a361d642aea5cc4619ce.jpg,640,640,face_spoof,251,226,391,450
faker7_jpg.rf.fcc40815ca92f486c3b1a2eee8ae0ae0.jpg,640,640,face_spoof,217,103,457,465
faker9_jpg.rf.fdaf574cf85f45fea090ab641a3e082e.jpg,640,640,face_spoof,178,204,399,477
fooke8_jpg.rf.fde98c4c43619dc06adf678db9b7f000.jpg,640,640,face_spoof,171,152,468,483
ios_video_10_frame16_jpg.rf.fdf40cf7e940a67adc5a99e6bb135bf7.jpg,640,640,face_spoof,229,219,442,517
fake-144-_png_jpg.rf.ff14df6d155715ceb657d7a21395b248.jpg,640,640,face_spoof,89,60,479,584
fake-111-_png_jpg.rf.ff8a0815c0679da3ca4031a70b37e052.jpg,640,640,face_spoof,114,83,537,617
mouth_fake6_JPG_jpg.rf.ffca9d18704a1f2f4675e157e289b005.jpg,640,640,face_spoof,134,106,528,577
new_real-3-_jpg.rf.ffd2dfb53feaa438b703f00fbd7e30f8.jpg,640,640,face_real,186,214,450,534
fake-65-_png_jpg.rf.ff192ad0ffab63ba0267d9c281785c6d.jpg,640,640,face_spoof,165,81,491,548
new_real-4-_jpg.rf.f439f36d70942115f33c9a21048cfdc4.jpg,640,640,face_real,185,186,479,610